Session,User,Query,Code,Page_number,Ranking_position,c_i,Sum_c,Jaccard Similarity Coeficient,c_i + Jaccard,Sum_(c_i + Jaccard),m_i,gamma_r_ij,p_i,m_i/p_i,log_2 m_i/p_i,H_parcial,H_Total,D_kg,D_kg_round
1_1,USER_1,conceito direito de posse,C2,,,0,0,0,0,0,NA,0,0,NA,,,,,
,,,C4,,,0,0,0,0,0,NA,0,0,NA,,,,,
,,,SMI1,,,0,0,0,0,0,NA,0,0,NA,,,,,
,,,SMI5,,,0,0,0,0,0,NA,0,0,NA,,,,,
,,direito de posse codigo civil,SMI5,1,3,1,1,"0,5","1,5","1,5",1,"0,95","0,95","1,052631579","0,07400058144","0,07030055237","0,07030055237","0,009296994476","0,01"
,,,SMI5,1,1,1,2,"0,5","1,5","1,5",1,"0,55","0,55","1,818181818","0,8624964763","0,4743730619","0,5446736143","0,004553263857","0,005"
,,,SMI8,,,0,2,"0,5","0,5","1,5","0,3333333333",0,0,NA,,,,,
,,,PT3,,,0,2,"0,5","0,5","1,5","0,3333333333",0,0,NA,,,,,
,,,E3,,,0,2,"0,5","0,5","1,5","0,3333333333",0,0,NA,,,,,
,,direito a posse e direito de posse,C7,,,0,2,"0,4285714286","0,4285714286","2,928571429","0,1463414634",0,0,NA,,,,,
,,,SMI5,1,4,1,3,"0,4285714286","1,428571429","2,928571429","0,487804878","0,82","0,82","0,5948839976","-0,7493197246","-0,6144421742","-0,06976855984","0,0106976856","0,01"
,,,SM6,,,0,3,"0,4285714286","0,4285714286","2,928571429","0,1463414634",0,0,NA,,,,,
,,,SMI8,,,0,3,"0,4285714286","0,4285714286","2,928571429","0,1463414634",0,0,NA,,,,,
,,jus possidendi e jus possessionis,C7,,,0,3,"0,125","0,125","4,053571429","0,03083700441",0,0,NA,,,,,
,,,TE1,,,0,3,"0,125","0,125","4,053571429","0,03083700441",0,0,NA,,,,,
,,,SMI5,1,1,1,4,"0,125","1,125","4,053571429","0,2775330396",1,1,"0,2775330396","-1,849268564","-1,849268564","-1,779500004","0,02779500004","0,03"
,,,SM6,,,0,4,"0,125","0,125","4,053571429","0,03083700441",0,0,NA,,,,,
,,,SMI8,,,0,4,"0,125","0,125","4,053571429","0,03083700441",0,0,NA,,,,,
,,,SMI7,,,0,4,"0,125","0,125","4,053571429","0,03083700441",0,0,NA,,,,,
,,,C6,,,0,4,"0,125","0,125","4,053571429","0,03083700441",0,0,NA,,,,,
,,,SMI5,,,0,4,"0,125","0,125","4,053571429","0,03083700441",0,0,NA,,,,,
,,jus possidendi e jus possessionis conceito,SMI5,1,2,1,5,"0,8","1,8","5,853571429","0,307504576",1,1,"0,307504576","-1,701320216","-1,701320216","-3,48082022","0,0448082022","0,04"
,,,SMI5,1,1,1,6,"0,8","1,8","5,853571429","0,307504576","0,62","0,62","0,4959751225","-1,011660336","-0,6272294085","-4,108049628","0,05108049628","0,05"
,,,SMI6,,,0,6,"0,8","0,8","5,853571429","0,1366687004",0,0,NA,,,,,
,,,SMI7,,,0,6,"0,8","0,8","5,853571429","0,1366687004",0,0,NA,,,,,
,,,PT3,,,0,6,"0,8","0,8","5,853571429","0,1366687004",0,0,NA,,,,,
,,,E1,,,0,6,"0,8","0,8","5,853571429","0,1366687004",0,0,NA,,,,,
,,,E4,,,0,6,"0,8","0,8","5,853571429","0,1366687004",0,0,NA,,,,,
1_2,USER_1,contrato de aluguel venia conjugal,PT1,,,0,0,0,0,1,0,0,0,NA,,,,,
,,,SMI5,1,2,1,1,0,1,1,1,1,1,1,0,0,0,"0,01","0,01"
,,,SMI6,,,0,1,0,0,1,0,0,0,NA,,,,,
,,lei do inquilinato,TE1,1,1,1,2,0,1,2,"0,5",1,1,"0,5",-1,-1,-1,"0,02","0,02"
,,,SMI6,,,0,2,0,0,2,0,0,0,NA,,,,,
,,,C6,,,0,2,0,0,2,0,0,0,NA,,,,,
,,,SMI5,,,0,2,0,0,2,0,0,0,NA,,,,,
,,lei do inquilinato versão conjugal,PT1,1,2,1,3,"0,6","1,6","3,6","0,4444444444",1,1,"0,4444444444","-1,169925001","-1,169925001","-2,169925001","0,03169925001","0,03"
,,,SMI6,,,0,3,"0,6","0,6","3,6","0,1666666667",0,0,NA,,,,,
,,,E3,,,0,3,"0,6","0,6","3,6","0,1666666667",0,0,NA,,,,,
,,,E1,,,0,3,"0,6","0,6","3,6","0,1666666667",0,0,NA,,,,,
,,lei do inquilinato art 3,SMI6,1,3,1,4,"0,4285714286","1,428571429","5,028571429","0,2840909091","0,95","0,95","0,2990430622","-1,741574847","-1,654496105","-3,824421106","0,04824421106","0,05"
,,,SMI7,,,0,4,"0,4285714286","0,4285714286","5,028571429","0,08522727273",0,0,NA,,,,,
,,,E4,,,0,4,"0,4285714286","0,4285714286","5,028571429","0,08522727273",0,0,NA,,,,,
,,,C6,,,0,4,"0,4285714286","0,4285714286","5,028571429","0,08522727273",0,0,NA,,,,,
,,morte do locatário art sub-locação,SMI3,,,0,4,"0,25","0,25","6,278571429","0,03981797497",0,0,NA,,,,,
,,,SMI5,,,0,4,"0,25","0,25","6,278571429","0,03981797497",0,0,NA,,,,,
,,,SMI5,,,0,4,"0,25","0,25","6,278571429","0,03981797497",0,0,NA,,,,,
,,,SMI6,1,1,1,5,"0,25","1,25","6,278571429","0,1990898749",1,1,"0,1990898749","-2,328508243","-2,328508243","-6,15292935","0,0715292935","0,07"
,,,SMI7,,,0,5,"0,25","0,25","6,278571429","0,03981797497",0,0,NA,,,,,
,,,E4,,,0,5,"0,25","0,25","6,278571429","0,03981797497",0,0,NA,,,,,
,,direito de preferencia do locatário,TE1,,,0,5,"0,25","0,25","7,528571429","0,03320683112",0,0,NA,,,,,
,,,SMI6,1,1,1,6,"0,25","1,25","7,528571429","0,1660341556",1,1,"0,1660341556","-2,59044804","-2,59044804","-8,74337739","0,0974337739","0,10"
,,,SMI7,,,0,6,"0,25","0,25","7,528571429","0,03320683112",0,0,NA,,,,,
,,,E4,,,0,6,"0,25","0,25","7,528571429","0,03320683112",0,0,NA,,,,,
,,benfeitorias indenizáveis,TE1,,,0,6,0,0,"7,528571429",0,0,0,NA,,,,,
,,,SMI6,,,0,6,0,0,"7,528571429",0,0,0,NA,,,,,
,,benfeitorias indenizáveis locatário,PT1,,,0,6,"0,6666666667","0,6666666667","9,195238095","0,07250129467",0,0,NA,,,,,
,,,SMI6,1,1,1,7,"0,6666666667","1,666666667","9,861904762","0,1690004829",1,1,"0,1690004829","-2,564900726","-2,564900726","-11,30827812","0,1230827812","0,12"
,,,E3,,,0,7,"0,6666666667","0,6666666667","9,861904762","0,06760019314",0,0,NA,,,,,
1_3,USER_1,tese STF convenção de montreal bagagem,C4,,,0,0,0,0,0,NA,0,0,NA,,,,,
,,,SMI2,,,0,0,0,0,0,NA,0,0,NA,,,,,
,,,SMI6,1,1,1,1,0,1,1,1,1,1,1,0,0,0,"0,01","0,01"
,,,SMI7,,,0,1,0,0,1,0,0,0,NA,,,,,
,,,E4,,,0,1,0,0,1,0,0,0,NA,,,,,
,,tese STF convenção de montreal bagagem valor,PT1,1,2,1,2,"0,8571428571","1,857142857","2,857142857","0,65",1,1,"0,65","-0,6214883767","-0,6214883767","-0,6214883767","0,01621488377","0,02"
,,,SMI6,,,0,2,"0,8571428571","0,8571428571","2,857142857","0,3",0,0,NA,,,,,
,,convenção de montreal,SMI2,1,1,1,3,"0,4285714286","1,428571429","4,285714286","0,3333333333",1,1,"0,3333333333","-1,584962501","-1,584962501","-2,206450877","0,03206450877","0,03"
,,,SMI8,,,0,3,"0,4285714286","0,4285714286","4,285714286","0,1",0,0,NA,,,,,
,,,SMI7,,,0,3,"0,4285714286","0,4285714286","4,285714286","0,1",0,0,NA,,,,,
,,,E4,,,0,3,"0,4285714286","0,4285714286","4,285714286","0,1",0,0,NA,,,,,
,,,C6,,,0,3,"0,4285714286","0,4285714286","4,285714286","0,1",0,0,NA,,,,,
,,STJ entendimento responsabilidade civil voo internacional,TE1,,,0,3,0,0,"5,285714286",0,0,0,NA,,,,,
,,,SMI6,1,2,1,4,0,1,"5,285714286","0,1891891892",1,1,"0,1891891892","-2,402098444","-2,402098444","-4,608549321","0,05608549321","0,06"
,,STJ entendimento responsabilidade civil voo internacional STF,PT1,1,1,1,5,"0,8571428571","1,857142857","7,142857143","0,26",1,1,"0,26","-1,943416472","-1,943416472","-6,551965793","0,07551965793","0,08"
,,,SMI8,,,0,5,"0,8571428571","0,8571428571","7,142857143","0,12",0,0,NA,,,,,
,,,PT2,,,0,5,"0,8571428571","0,8571428571","7,142857143","0,12",0,0,NA,,,,,
,,,PT3,,,0,5,"0,8571428571","0,8571428571","7,142857143","0,12",0,0,NA,,,,,
,,CDC,TE1,,,0,5,0,0,"7,142857143",0,0,0,NA,,,,,
,,CDC tem regra específica para extravio de bagagem,PT1,,,0,5,"0,125","0,125","8,267857143","0,0151187905",0,0,NA,,,,,
,,,SMI5,1,5,1,6,"0,125","1,125","8,267857143","0,1360691145","0,69","0,69","0,1972016152","-2,342256727","-1,616157141","-8,168122934","0,09168122934","0,09"
,,,SMI8,,,0,6,"0,125","0,125","8,267857143","0,0151187905",0,0,NA,,,,,
,,,C6,,,0,6,"0,125","0,125","8,267857143","0,0151187905",0,0,NA,,,,,
,,,SMI5,1,10,1,7,"0,125","1,125","8,267857143","0,1360691145","0,36","0,36","0,3779697624","-1,403657271","-0,5053166177","-8,673439552","0,09673439552","0,10"
,,,SMI8,,,0,7,"0,125","0,125","8,267857143","0,0151187905",0,0,NA,,,,,
,,,PT2,,,0,7,"0,125","0,125","8,267857143","0,0151187905",0,0,NA,,,,,
,,,PT3,,,0,7,"0,125","0,125","8,267857143","0,0151187905",0,0,NA,,,,,
,,atraso de voo dano moral in re ipsa,TE1,,,0,7,"0,06666666667","0,06666666667","9,33452381","0,00714194618",0,0,NA,,,,,
,,,SMI6,1,1,1,8,"0,06666666667","1,066666667","9,33452381","0,1142711389",1,1,"0,1142711389","-3,129467022","-3,129467022","-11,80290657","0,1280290657","0,13"
,,,SMI6,1,2,1,9,"0,06666666667","1,066666667","9,33452381","0,1142711389","0,98","0,98","0,1166032029","-3,100320677","-3,038314263","-14,84122084","0,1584122084","0,16"
,,,E1,,,0,9,"0,06666666667","0,06666666667","9,33452381","0,00714194618",0,0,NA,,,,,
,,critério jurisprudência fixar danos morais,TE1,,,0,9,0,0,"9,33452381",0,0,0,NA,,,,,
,,critério jurisprudência fixar danos materiais atraso e cancelamento de voo,SMI2,,,0,9,"0,3636363636","0,3636363636","10,69816017","0,03399055144",0,0,NA,,,,,
,,,SMI5,1,4,1,10,"0,3636363636","1,363636364","10,69816017","0,1274645679","0,82","0,82","0,155444595","-2,685527642","-2,202132666","-17,0433535","0,180433535","0,18"
,,,SMI8,,,0,10,"0,3636363636","0,3636363636","10,69816017","0,03399055144",0,0,NA,,,,,
,,fixação danos materiais atraso e cancelamento de voo,TE1,,,0,10,"0,6363636364","0,6363636364","12,33452381","0,05159207167",0,0,NA,,,,,
,,,SMI6,1,1,1,11,"0,6363636364","1,636363636","12,33452381","0,1326653271",1,1,"0,1326653271","-2,914136732","-2,914136732","-19,95749024","0,2095749024","0,21"
,,,SMI6,1,2,1,12,"0,6363636364","1,636363636","12,33452381","0,1326653271","0,98","0,98","0,1353727828","-2,884990386","-2,827290578","-22,78478081","0,2378478081","0,24"
,,fixação danos materiais atraso e cancelamento de voo -moral,C10,,,0,12,"0,8888888889","0,8888888889","14,2234127","0,06249476885",0,0,NA,,,,,
,,,SMI5,1,2,1,13,"0,8888888889","1,888888889","14,2234127","0,1328013838",1,1,"0,1328013838","-2,912657915","-2,912657915","-25,69743873","0,2669743873","0,27"
,,,PT2,,,0,13,"0,8888888889","0,8888888889","14,2234127","0,06249476885",0,0,NA,,,,,
,,,SMI5,,,0,13,"0,8888888889","0,8888888889","14,2234127","0,06249476885",0,0,NA,,,,,
,,,E3,,,0,13,"0,8888888889","0,8888888889","14,2234127","0,06249476885",0,0,NA,,,,,
2_1,USER_2,detenção direito possessório,C4,,,0,0,0,0,1,0,0,0,NA,,,,,
,,,SMI2,,,0,0,0,0,1,0,0,0,NA,,,,,
,,,SMI5,1,5,1,1,0,1,1,1,"0,69","0,69","1,449275362","0,535331733","0,3693788958","0,3693788958","0,006306211042","0,01"
,,,SMI8,,,0,1,0,0,1,0,0,0,NA,,,,,
,,artigos 1267 e 1268 do código civil,PT1,1,1,1,2,0,1,2,"0,5",1,1,"0,5",-1,-1,"-0,6306211042","0,01630621104","0,02"
,,,SMI8,,,0,2,0,0,2,0,0,0,NA,,,,,
,,Quando ocorre a transferência da propriedade de um bem móvel por meio de negócio jurídico?,TE1,,,0,2,0,0,3,0,0,0,NA,,,,,
,,,SMI6,1,1,1,3,0,1,3,"0,3333333333",1,1,"0,3333333333","-1,584962501","-1,584962501","-2,215583605","0,03215583605","0,03"
,,Quando ocorre a transferência da propriedade de um bem imóvel por meio de negócio jurídico?,TE1,,,0,3,"0,8666666667","0,8666666667","3,866666667","0,224137931",0,0,NA,,,,,
,,,SMI6,,,0,3,"0,8666666667","0,8666666667","3,866666667","0,224137931",0,0,NA,,,,,
,,O que caracteriza a posse precária?,PT1,1,4,1,4,"0,05263157895","1,052631579","4,919298246","0,2139800285","0,82","0,82","0,2609512543","-1,938147758","-1,589281162","-3,804864767","0,04804864767","0,05"
,,,SMI8,,,0,4,"0,05263157895","0,05263157895","4,919298246","0,01069900143",0,0,NA,,,,,
,,O que é turbação e esbulho,PT1,1,5,1,5,"0,2","1,2","6,119298246","0,1961009174","0,69","0,69","0,2842042282","-1,815000077","-1,252350053","-5,05721482","0,0605721482","0,06"
,,,SMI8,,,0,5,"0,2","0,2","6,119298246","0,03268348624",0,0,NA,,,,,
,,,C6,,,0,5,"0,2","0,2","6,119298246","0,03268348624",0,0,NA,,,,,
,,,SMI5,1,4,1,6,"0,2","1,2","6,119298246","0,1961009174","0,77","0,77","0,2546765161","-1,973262161","-1,519411864","-6,576626684","0,07576626684","0,08"
,,,C6,,,0,6,"0,2","0,2","6,119298246","0,03268348624",0,0,NA,,,,,
,,,SMI5,1,7,1,7,"0,2","1,2","6,119298246","0,1961009174","0,46","0,46","0,4263063422","-1,230037576","-0,565817285","-7,142443969","0,08142443969","0,08"
,,,C6,,,0,7,"0,2","0,2","6,119298246","0,03268348624",0,0,NA,,,,,
,,Código Civil,TE1,,,0,7,0,0,"7,119298246",0,0,0,NA,,,,,
,,,SMI5,1,1,1,8,0,1,"7,119298246","0,1404632824",1,1,"0,1404632824","-2,831735041","-2,831735041","-9,974179009","0,1097417901","0,11"
,,,SMI8,,,0,8,0,0,"7,119298246",0,0,0,NA,,,,,
,,,C6,,,0,8,0,0,"7,119298246",0,0,0,NA,,,,,
,,esbulho,TE1,,,0,8,0,0,"8,119298246",0,0,0,NA,,,,,
,,,SMI5,1,2,1,9,0,1,"8,119298246","0,1231633535",1,1,"0,1231633535","-3,02135504","-3,02135504","-12,99553405","0,1399553405","0,14"
,,,SMI6,,,0,9,0,0,"8,119298246",0,0,0,NA,,,,,
2_2,USER_2,lei do inquilinato,SMI3,1,1,1,1,0,1,1,1,1,1,1,0,0,0,"0,01","0,01"
,,,SMI8,,,0,1,0,0,1,0,0,0,NA,,,,,
,,,SMI1,,,0,1,0,0,1,0,0,0,NA,,,,,
,,prazo contrato de locação de imóvel vênia conjugal,PT1,1,1,1,2,0,1,2,"0,5",1,1,"0,5",-1,-1,-1,"0,02","0,02"
,,,SMI6,,,0,2,0,0,2,0,0,0,NA,,,,,
,,,PT3,,,0,2,0,0,2,0,0,0,NA,,,,,
,,,E3,,,0,2,0,0,2,0,0,0,NA,,,,,
,,,E4,,,0,2,0,0,2,0,0,0,NA,,,,,
,,,SMI8,,,0,2,0,0,2,0,0,0,NA,,,,,
,,,E3,,,0,2,0,0,2,0,0,0,NA,,,,,
,,,C6,,,0,2,0,0,2,0,0,0,NA,,,,,
,,"locador cobrança do aluguel, tributos, encargos e despesas ordinárias do condomínio tudo junto",PT1,,,0,2,0,0,3,0,0,0,NA,,,,,
,,,SMI6,1,6,1,3,0,1,3,"0,3333333333","0,54","0,54","0,6172839506","-0,6959938131","-0,3758366591","-1,375836659","0,02375836659","0,02"
,,,PT3,,,0,3,0,0,3,0,0,0,NA,,,,,
,,lei da locação,TE1,,,0,3,0,0,3,0,0,0,NA,,,,,
,,,PT3,,,0,3,0,0,3,0,0,0,NA,,,,,
,,,SMI7,,,0,3,0,0,3,0,0,0,NA,,,,,
,,"Art. 25....Atribuída ao locatário a responsabilidade pelo pagamento dos tributos, encargos e despesas ordinárias de condomínio, o locador poderá cobrar tais verbas juntamente com o aluguel do mês a que se refiram...Se o locador antecipar os pagamentos, a ele pertencerão as vantagens daí advindas, salvo se o locatário reembolsá- lo integralmente.",TE1,1,2,1,4,0,1,4,"0,25",1,1,"0,25",-2,-2,"-3,375836659","0,04375836659","0,04"
,,,SMI6,,,0,4,0,0,4,0,0,0,NA,,,,,
,,lei da locação,TE1,,,0,4,0,0,4,0,0,0,NA,,,,,
,,,E4,,,0,4,0,0,4,0,0,0,NA,,,,,
,,,PT3,,,0,4,0,0,4,0,0,0,NA,,,,,
,,,SMI8,,,0,4,0,0,4,0,0,0,NA,,,,,
,,,C6,,,0,4,0,0,4,0,0,0,NA,,,,,
,,locador não concede o direito de preferência ao locatário na venda,PT1,,,0,4,0,0,4,0,0,0,NA,,,,,
,,direito de preferência do locatário não respeitado,TE1,1,1,1,5,"0,3846153846","1,384615385","5,384615385","0,2571428571",1,1,"0,2571428571","-1,959358016","-1,959358016","-5,335194675","0,06335194675","0,06"
,,,SMI6,,,0,5,"0,3846153846","0,3846153846","5,384615385","0,07142857143",0,0,NA,,,,,
,,,E4,,,0,5,"0,3846153846","0,3846153846","5,384615385","0,07142857143",0,0,NA,,,,,
2_3,USER_2,indenização atraso de voo danos morais,SMI3,1,1,1,1,0,1,1,1,1,1,1,0,0,0,"0,01","0,01"
,,,SMI6,,,0,1,0,0,1,0,0,0,NA,,,,,
,,dano moral presumido extravio de bagagem,PT1,1,1,1,2,"0,09090909091","1,090909091","2,090909091","0,5217391304",1,1,"0,5217391304","-0,9385994553","-0,9385994553","-0,9385994553","0,01938599455","0,02"
,,,C6,,,0,2,"0,09090909091","0,09090909091","2,090909091","0,04347826087",0,0,NA,,,,,
,,,SMI5,1,4,1,3,"0,09090909091","1,090909091","2,090909091","0,5217391304","0,82","0,82","0,6362672322","-0,6522952702","-0,5348821215","-1,473481577","0,02473481577","0,02"
,,,SMI8,,,0,3,"0,09090909091","0,09090909091","2,090909091","0,04347826087",0,0,NA,,,,,
,,,E4,,,0,3,"0,09090909091","0,09090909091","2,090909091","0,04347826087",0,0,NA,,,,,
3_1,USER_3,Definição de Possuidor segundo o Código Civil,SMI2,1,1,1,1,0,1,1,1,1,1,1,0,0,0,"0,01","0,01"
,,,PT3,1,1,1,2,0,1,1,1,1,1,1,0,0,0,"0,01","0,01"
,,,SMI8,,,0,2,0,0,1,0,0,0,NA,,,,,
,,O que é detenção?,SMI2,,,0,2,0,0,1,0,0,0,NA,,,,,
,,O que é detenção? Possessória,PT1,,,0,2,"0,8","0,8","1,8","0,4444444444",0,0,NA,,,,,
,,,SMI6,,,0,2,"0,8","0,8","1,8","0,4444444444",0,0,NA,,,,,
3_2,USER_3,"locação de imóvel, qual situação exige vênia conjugal?",SMI2,,,0,0,0,0,1,0,0,0,NA,,,,,
,,,SMI5,1,1,1,1,0,1,1,1,1,1,1,0,0,0,"0,01","0,01"
,,,SMI6,,,0,1,0,0,1,0,0,0,NA,,,,,
,,,SMI8,,,0,1,0,0,1,0,0,0,NA,,,,,
,,"pode o locador realizar a cobrança do aluguel, tributos, encargos e despesas ordinárias do condomínio",SMI2,,,0,1,0,0,1,0,0,0,NA,,,,,
,,"cobrança do aluguel, tributos, encargos e despesas ordinárias do condomínio",SMI2,,,0,1,"0,6428571429","0,6428571429","1,642857143","0,3913043478",0,0,NA,,,,,
,,,SMI6,,,0,1,"0,6428571429","0,6428571429","1,642857143","0,3913043478",0,0,NA,,,,,
,,cobrança despesas ordinários do condomínio,SMI2,,,0,1,"0,4","0,4","2,042857143","0,1958041958",0,0,NA,,,,,
,,,SMI6,,,0,1,"0,4","0,4","2,042857143","0,1958041958",0,0,NA,,,,,
,,autorização de cobrança pelo locador,TE1,1,1,1,2,"0,1111111111","1,111111111","3,153968254","0,3522898842",1,1,"0,3522898842","-1,505165045","-1,505165045","-1,505165045","0,02505165045","0,03"
,,,SMI6,,,0,2,"0,1111111111","0,1111111111","3,153968254","0,03522898842",0,0,NA,,,,,
,,,SMI5,,,0,2,"0,1111111111","0,1111111111","3,153968254","0,03522898842",0,0,NA,,,,,
,,,C6,,,0,2,"0,1111111111","0,1111111111","3,153968254","0,03522898842",0,0,NA,,,,,
,,autorização de cobrança de depesas do locatário,TE1,,,0,2,"0,375","0,375","4,528968254","0,08280031543",0,0,NA,,,,,
,,,SMI6,1,1,1,3,"0,375","1,375","4,528968254","0,3036011566",1,1,"0,3036011566","-1,719750808","-1,719750808","-3,224915854","0,04224915854","0,04"
,,,D4,,,0,3,"0,375","0,375","4,528968254","0,08280031543",0,0,NA,,,,,
,,,D1,,,0,3,"0,375","0,375","4,528968254","0,08280031543",0,0,NA,,,,,
3_3,USER_3,danos morais por atraso em voo,SMI3,,,0,0,0,0,1,0,0,0,NA,,,,,
,,,SMI6,1,1,1,1,0,1,1,1,1,1,1,0,0,0,"0,01","0,01"
,,Convenção de Montreal,TE1,,,0,1,0,0,2,0,0,0,NA,,,,,
,,,SMI6,1,1,1,2,0,1,2,"0,5",1,1,"0,5",-1,-1,-1,"0,02","0,02"
,,dano moral em atraso de voo nacional,SMI3,,,0,2,"0,1111111111","0,1111111111","3,111111111","0,03571428571",0,0,NA,,,,,
,,,SMI6,1,1,1,3,"0,1111111111","1,111111111","3,111111111","0,3571428571",1,1,"0,3571428571","-1,485426827","-1,485426827","-2,485426827","0,03485426827","0,03"
4_1,USER_4,detenção,C4,,,0,0,0,0,0,NA,0,0,NA,,,,,
,,,SMI2,,,0,0,0,0,0,NA,0,0,NA,,,,,
,,detenção possessória,PT1,,,0,0,"0,5","0,5","0,5",1,0,0,NA,,,,,
,,detenção bem imóvel,TE1,,,0,0,"0,25","0,25","1,75","0,1428571429",0,0,NA,,,,,
,,,SMI6,1,2,1,1,"0,25","1,25","1,75","0,7142857143",1,1,NA,,,,,
,,,SMI7,,,0,1,"0,25","0,25","1,75","0,1428571429",0,0,NA,,,,,
,,,SMI5,1,6,1,2,"0,25","1,25","1,75","0,7142857143","0,22","0,22","3,246753247","1,698997744","0,3737795037","0,3737795037","0,006262204963","0,01"
,,,SMI6,,,0,2,"0,25","0,25","1,75","0,1428571429",0,0,NA,,,,,
,,,C6,,,0,2,"0,25","0,25","1,75","0,1428571429",0,0,NA,,,,,
,,Artigo 1.208 do código civil,SMI2,,,0,2,0,0,"2,75",0,0,0,NA,,,,,
,,,SMI5,1,4,1,3,0,1,"2,75","0,3636363636","0,82","0,82","0,44345898","-1,173127433","-0,9619644955","-0,5881849918","0,01588184992","0,02"
,,,SMI6,,,0,3,0,0,"2,75",0,0,0,NA,,,,,
,,,C6,,,0,3,0,0,"2,75",0,0,0,NA,,,,,
,,Código civil 1.208,SMI2,,,0,3,"0,3333333333","0,3333333333","4,083333333","0,08163265306",0,0,NA,,,,,
,,,SMI5,1,1,1,4,"0,3333333333","1,333333333","4,083333333","0,3265306122",1,1,"0,3265306122","-1,614709844","-1,614709844","-2,202894836","0,03202894836","0,03"
,,,SMI8,,,0,4,"0,3333333333","0,3333333333","4,083333333","0,08163265306",0,0,NA,,,,,
,,,SMI7,,,0,4,"0,3333333333","0,3333333333","4,083333333","0,08163265306",0,0,NA,,,,,
,,,E4,,,0,4,"0,3333333333","0,3333333333","4,083333333","0,08163265306",0,0,NA,,,,,
,,jus possidendi e jus possessionis,SMI3,1,1,1,5,0,1,"5,083333333","0,1967213115",1,1,"0,1967213115","-2,345774837","-2,345774837","-4,548669673","0,05548669673","0,06"
,,,SMI6,1,2,1,6,0,1,"5,083333333","0,1967213115","0,98","0,98","0,2007360321","-2,316628491","-2,270295921","-6,818965594","0,07818965594","0,08"
,,,E4,,,0,6,0,0,"5,083333333",0,0,0,NA,,,,,
,,,SMI5,1,1,1,7,0,1,"5,083333333","0,1967213115",1,1,"0,1967213115","-2,345774837","-2,345774837","-9,164740431","0,1016474043","0,10"
,,,SMI7,,,0,7,0,0,"5,083333333",0,0,0,NA,,,,,
,,,E4,,,0,7,0,0,"5,083333333",0,0,0,NA,,,,,
,,,C4,,,0,7,0,0,"5,083333333",0,0,0,NA,,,,,
,,jus possidendi,SMI2,,,0,7,"0,5","0,5","5,583333333","0,08955223881",0,0,NA,,,,,
,,jus possessioni,SMI2,,,0,7,"0,3333333333","0,3333333333","5,916666667","0,05633802817",0,0,NA,,,,,
,,jus possessionis,TE1,1,5,1,8,"0,3333333333","1,333333333","7,25","0,183908046","0,69","0,69","0,2665334","-1,907611763","-1,316252116","-10,48099255","0,1148099255","0,11"
,,,SMI6,,,0,8,"0,3333333333","0,3333333333","7,25","0,04597701149",0,0,NA,,,,,
,,,SMI8,,,0,8,"0,3333333333","0,3333333333","7,25","0,04597701149",0,0,NA,,,,,
,,,E3,,,0,8,"0,3333333333","0,3333333333","7,25","0,04597701149",0,0,NA,,,,,
4_2,USER_4,Lei do inquilinato,C4,,,0,0,0,0,1,0,0,0,NA,,,,,
,,,SMI3,1,1,1,1,0,1,1,1,1,1,1,0,0,0,"0,01","0,01"
,,,SMI6,,,0,1,0,0,1,0,0,0,NA,,,,,
,,,SMI7,,,0,1,0,0,1,0,0,0,NA,,,,,
,,,E4,,,0,1,0,0,1,0,0,0,NA,,,,,
,,,SMI8,,,0,1,0,0,1,0,0,0,NA,,,,,
,,vênia conjugal contrato de locação,SMI2,,,0,1,0,0,2,0,0,0,NA,,,,,
,,,SMI6,1,2,1,2,0,1,2,"0,5",1,1,"0,5",-1,-1,-1,"0,02","0,02"
,,,PT3,,,0,2,0,0,2,0,0,0,NA,,,,,
,,,C8,,,0,2,0,0,2,0,0,0,NA,,,,,
,,,SMI6,,,0,2,0,0,2,0,0,0,NA,,,,,
,,,SMI5,1,1,1,3,0,1,2,"0,5",1,1,"0,5",-1,-1,-2,"0,03","0,03"
,,,SMI7,,,0,3,0,0,2,0,0,0,NA,,,,,
,,,E4,,,0,3,0,0,2,0,0,0,NA,,,,,
,,art. 3º da Lei 8.245/91,SMI2,,,0,3,0,0,3,0,0,0,NA,,,,,
,,,SMI5,1,1,1,4,0,1,3,"0,3333333333",1,1,"0,3333333333","-1,584962501","-1,584962501","-3,584962501","0,04584962501","0,05"
,,,SMI6,,,0,4,0,0,3,0,0,0,NA,,,,,
,,,PT3,,,0,4,0,0,3,0,0,0,NA,,,,,
,,,E3,,,0,4,0,0,3,0,0,0,NA,,,,,
,,ação renovatória retomada,SMI2,,,0,4,0,0,3,0,0,0,NA,,,,,
,,ação renovatória retomada art do cpc,PT1,,,0,4,"0,5","0,5","3,5","0,1428571429",0,0,NA,,,,,
,,ação renovatória retomada do imóvel stf,TE1,,,0,4,"0,5","0,5","3,5","0,1428571429",0,0,NA,,,,,
,,,C8,,,0,4,"0,5","0,5","3,5","0,1428571429",0,0,NA,,,,,
,,ação renovatória retomada do imóvel sem pedido expresso,TE1,,,0,4,"0,5555555556","0,5555555556","4,055555556","0,1369863014",0,0,NA,,,,,
,,Lei do inquilinato,TE1,,,0,4,"0,1","0,1","5,155555556","0,01939655172",0,0,NA,,,,,
,,,SMI5,1,1,1,5,"0,1","1,1","5,155555556","0,213362069",1,1,"0,213362069","-2,228624375","-2,228624375","-5,813586876","0,06813586876","0,07"
,,,SMI8,,,0,5,"0,1","0,1","5,155555556","0,01939655172",0,0,NA,,,,,
,,"BUZAID, Alfredo. Da ação renovatória e das demais ações oriundas de contrato de locação de imóveis destinados a fins comerciais. 3. ed. rev. e aum. São Paulo: Saraiva, 1998",SMI2,,,0,5,0,0,"5,155555556",0,0,0,NA,,,,,
,,"BUZAID, Alfredo. Da ação renovatória e das demais ações oriundas de contrato de locação de imóveis destinados a fins comerciais.",SMI2,,,0,5,"0,6923076923","0,6923076923","5,847863248","0,1183864367",0,0,NA,,,,,
,,Da ação renovatória e das demais ações oriundas de contrato de locação de imóveis destinados a fins comerciais,SMI2,,,0,5,"0,7894736842","0,7894736842","6,637336932","0,1189443435",0,0,NA,,,,,
,,,SMI5,,,0,5,"0,7894736842","0,7894736842","6,637336932","0,1189443435",0,0,NA,,,,,
,,ação renovatória retomada presunção de sinceridade,TE1,,,0,5,"0,1578947368","0,1578947368","6,795231669","0,02323610799",0,0,NA,,,,,
,,ação renovatória retomada presunção,SMI2,,,0,5,"0,6666666667","0,6666666667","7,461898336","0,08934276999",0,0,NA,,,,,
,,ação renovatória improcedente presunção,TE1,,,0,5,"0,6","0,6","8,061898336","0,07442415856",0,0,NA,,,,,
,,ação renovatória improcedente retomada,TE1,,,0,5,"0,6","0,6","8,661898336","0,06926888042",0,0,NA,,,,,
,,Lei do inquilinato,TE1,1,1,1,6,0,1,"9,661898336","0,1034993296",1,1,"0,1034993296","-3,272306673","-3,272306673","-9,085893548","0,1008589355","0,10"
,,,SMI8,,,0,6,0,0,"9,661898336",0,0,0,NA,,,,,
,,ação renovatória verificação do exercício do direito de retomada mesmo sem pedido expresso de defesa,TE1,,,0,6,"0,06666666667","0,06666666667","9,728565002","0,006852672172",0,0,NA,,,,,
,,"ação renovatória ""verificação do exercício do direito de retomada mesmo sem pedido expresso de defesa""",TE1,,,0,6,"0,7333333333","0,7333333333","10,46189834","0,07009562795",0,0,NA,,,,,
4_3,USER_4,danos morais extravio de bagagem quantificação abalo psicológico,SMI2,,,0,0,0,0,0,NA,0,0,NA,,,,,
,,,C8,,,0,0,0,0,0,NA,0,0,NA,,,,,
,,,SMI6,,,0,0,0,0,0,NA,0,0,NA,,,,,
,,danos morais in re ipsa atraso em voo,SMI3,,,0,0,"0,1428571429","0,1428571429","0,1428571429",1,0,0,NA,,,,,
,,,C8,,,0,0,"0,1428571429","0,1428571429","0,1428571429",1,0,0,NA,,,,,
,,,SMI6,,,0,0,"0,1428571429","0,1428571429","0,1428571429",1,0,0,NA,,,,,
,,"danos morais in re ipsa ""atraso em voo""",TE1,,,0,0,"0,6","0,6","1,742857143","0,3442622951",0,0,NA,,,,,
,,,C8,,,0,0,"0,6","0,6","1,742857143","0,3442622951",0,0,NA,,,,,
,,,SMI6,1,6,1,1,"0,6","1,6","1,742857143","0,9180327869","0,54","0,54","1,700060716","0,7655862721","0,4134165869","0,4134165869","0,005865834131","0,01"
,,,SMI7,,,0,1,"0,6","0,6","1,742857143","0,3442622951",0,0,NA,,,,,
,,,E4,,,0,1,"0,6","0,6","1,742857143","0,3442622951",0,0,NA,,,,,
5_1,USER_5,"diferença ""direito à posse"" ""direito de posse""",SMI2,,,0,0,0,0,0,NA,0,0,NA,,,,,
,,,C8,,,0,0,0,0,0,NA,0,0,NA,,,,,
,,"diferença ""direito à posse""",SMI2,,,0,0,"0,8","0,8","0,8",1,0,0,NA,,,,,
,,direito à posse,SMI2,,,0,0,"0,75","0,75","1,55","0,4838709677",0,0,NA,,,,,
,,direito a posse e direito de posse,SMI3,,,0,0,0,0,"1,55",0,0,0,NA,,,,,
,,direito a posse,SMI2,,,0,0,"0,6","0,6","2,15","0,2790697674",0,0,NA,,,,,
,,direito à posse,TE1,,,0,0,0,0,"2,15",0,0,0,NA,,,,,
,,,SMI6,,,0,0,0,0,"2,15",0,0,0,NA,,,,,
,,jus possidendi e jus possessionis,SMI3,1,1,1,1,0,1,"3,15","0,3174603175",1,1,"0,3174603175","-1,655351829","-1,655351829","-1,655351829","0,02655351829","0,03"
,,,SMI6,,,0,1,0,0,"3,15",0,0,0,NA,,,,,
,,,E3,,,0,1,0,0,"3,15",0,0,0,NA,,,,,
,,,C9,,,0,1,0,0,"3,15",0,0,0,NA,,,,,
,,posse manda,TE1,,,0,1,0,0,"3,15",0,0,0,NA,,,,,
,,,PS2,,,0,1,0,0,"3,15",0,0,0,NA,,,,,
,,posse mansa,SMI3,,,0,1,"0,3333333333","0,3333333333","3,483333333","0,0956937799",0,0,NA,,,,,
,,,SMI6,,,0,1,"0,3333333333","0,3333333333","3,483333333","0,0956937799",0,0,NA,,,,,
,,"tubação esbulho ""ação possessória""",PT1,1,4,1,2,0,1,"4,483333333","0,2230483271","0,82","0,82","0,272010155","-1,878267582","-1,540179417","-3,195531246","0,04195531246","0,04"
,,,SMI6,,,0,2,0,0,"4,483333333",0,0,0,NA,,,,,
,,,SMI8,,,0,2,0,0,"4,483333333",0,0,0,NA,,,,,
,,,C6,,,0,2,0,0,"4,483333333",0,0,0,NA,,,,,
,,tubação esbulho,SMI2,,,0,2,"0,5","0,5","4,983333333","0,1003344482",0,0,NA,,,,,
,,,SMI6,,,0,2,"0,5","0,5","4,983333333","0,1003344482",0,0,NA,,,,,
,,tubação esbulho diferença,PT1,1,1,1,3,"0,6666666667","1,666666667","6,65","0,2506265664",1,1,"0,2506265664","-1,996388746","-1,996388746","-5,191919992","0,06191919992","0,06"
,,,SMI8,,,0,3,"0,6666666667","0,6666666667","6,65","0,1002506266",0,0,NA,,,,,
,,,E3,,,0,3,"0,6666666667","0,6666666667","6,65","0,1002506266",0,0,NA,,,,,
5_2,USER_5,vênia congugal locação,C4,,,0,0,0,0,0,NA,0,0,NA,,,,,
,,vênia congugal,SMI2,,,0,0,"0,6666666667","0,6666666667","0,6666666667",1,0,0,NA,,,,,
,,vênia conjugal para a propositura de ação,SMI3,,,0,0,"0,125","0,125","0,7916666667","0,1578947368",0,0,NA,,,,,
,,,PS1,,,0,0,"0,125","0,125","0,7916666667","0,1578947368",0,0,NA,,,,,
,,vênia conjugal para locação,TE1,1,6,1,1,"0,375","1,375","2,166666667","0,6346153846","0,54","0,54","1,175213675","0,2329230888","0,125778468","0,125778468","0,00874221532","0,01"
,,,SMI8,,,0,1,"0,375","0,375","2,166666667","0,1730769231",0,0,NA,,,,,
,,aluguel tributos cobrados,PT1,,,0,1,0,0,"2,166666667",0,0,0,NA,,,,,
,,locação tributos cobrança,PT1,1,3,1,2,"0,2","1,2","3,366666667","0,3564356436","0,95","0,95","0,3751954143","-1,4142859","-1,343571605","-1,217793137","0,02217793137","0,02"
,,,C6,,,0,2,"0,2","0,2","3,366666667","0,05940594059",0,0,NA,,,,,
,,,SMI6,,,0,2,"0,2","0,2","3,366666667","0,05940594059",0,0,NA,,,,,
,,,C6,,,0,2,"0,2","0,2","3,366666667","0,05940594059",0,0,NA,,,,,
,,locação tributos anuência locador,PT1,1,2,1,3,"0,4","1,4","4,766666667","0,2937062937",1,1,"0,2937062937","-1,767553914","-1,767553914","-2,985347051","0,03985347051","0,04"
,,,SMI6,,,0,3,"0,4","0,4","4,766666667","0,08391608392",0,0,NA,,,,,
,,,C6,,,0,3,"0,4","0,4","4,766666667","0,08391608392",0,0,NA,,,,,
,,locação contas,TE1,,,0,3,"0,2","0,2","4,966666667","0,04026845638",0,0,NA,,,,,
,,locação contas cobrança,PT1,,,0,3,"0,6666666667","0,6666666667","5,633333333","0,1183431953",0,0,NA,,,,,
,,locação imóvel contas cobrança,PT1,,,0,3,"0,75","0,75","7,383333333","0,1015801354",0,0,NA,,,,,
,,,SMI6,1,7,1,4,"0,75","1,75","7,383333333","0,237020316","0,47","0,47","0,5042985447","-0,9876500328","-0,4641955154","-3,449542566","0,04449542566","0,04"
,,,C9,,,0,4,"0,75","0,75","7,383333333","0,1015801354",0,0,NA,,,,,
,,,SMI8,,,0,4,"0,75","0,75","7,383333333","0,1015801354",0,0,NA,,,,,
,,,C6,,,0,4,"0,75","0,75","7,383333333","0,1015801354",0,0,NA,,,,,
,,locação imóvel tributos,TE1,1,5,1,5,"0,4","1,4","8,783333333","0,1593927894","0,69","0,69","0,2310040426","-2,114009996","-1,458666897","-4,908209463","0,05908209463","0,06"
,,,SMI6,,,0,5,"0,4","0,4","8,783333333","0,04554079696",0,0,NA,,,,,
,,,C6,,,0,5,"0,4","0,4","8,783333333","0,04554079696",0,0,NA,,,,,
,,locação imóvel tributos junto,PT1,1,3,1,6,"0,75","1,75","10,53333333","0,1661392405","0,95","0,95","0,1748834111","-2,515534649","-2,389757917","-7,29796738","0,0829796738","0,08"
,,,C6,,,0,6,"0,75","0,75","10,53333333","0,07120253165",0,0,NA,,,,,
,,,PT3,,,0,6,"0,75","0,75","10,53333333","0,07120253165",0,0,NA,,,,,
,,,SMI8,,,0,6,"0,75","0,75","10,53333333","0,07120253165",0,0,NA,,,,,
,,,E3,,,0,6,"0,75","0,75","10,53333333","0,07120253165",0,0,NA,,,,,
5_3,USER_5,STF danos materiais vôos internacionais,SMI2,,,0,0,0,0,0,NA,0,0,NA,,,,,
,,STF extravio vôos internacionais,TE1,1,5,1,1,"0,5","1,5","1,5",1,"0,69","0,69","1,449275362","0,535331733","0,3693788958","0,3693788958","0,006306211042","0,01"
,,,C6,1,6,1,2,"0,5","1,5","1,5",1,"0,96","0,96","1,041666667","0,05889368905","0,05653794149","0,4259168373","0,005740831627","0,01"
,,,SMI6,,,0,2,"0,5","0,5","1,5","0,3333333333",0,0,NA,,,,,
,,,C6,,,0,2,"0,5","0,5","1,5","0,3333333333",0,0,NA,,,,,
,,STJ extravio vôos internacionais,TE1,1,6,1,3,"0,6","1,6","3,1","0,5161290323","0,54","0,54","0,9557945042","-0,06522762278","-0,0352229163","0,390693921","0,00609306079","0,01"
,,,SMI6,,,0,3,"0,6","0,6","3,1","0,1935483871",0,0,NA,,,,,
,,STJ vôos internacionais stf 2017,TE1,1,7,1,4,"0,5","1,5","4,6","0,3260869565","0,47","0,47","0,6938020352","-0,5274040224","-0,2478798905","0,1428140305","0,008571859695","0,01"
,,,SMI8,,,0,4,"0,5","0,5","4,6","0,1086956522",0,0,NA,,,,,
,,,E3,,,0,4,"0,5","0,5","4,6","0,1086956522",0,0,NA,,,,,
6_1,USER_6,definição possuidor Código Civil,C4,,,0,0,0,0,0,NA,0,0,NA,,,,,
,,,SMI2,,,0,0,0,0,0,NA,0,0,NA,,,,,
,,,SMI5,1,2,1,1,0,1,1,1,1,1,1,0,0,0,"0,01","0,01"
,,,SMI6,,,0,1,0,0,1,0,0,0,NA,,,,,
,,,E3,,,0,1,0,0,1,0,0,0,NA,,,,,
,,,E4,,,0,1,0,0,1,0,0,0,NA,,,,,
,,vicios objetivos posse injusta,SMI2,,,0,1,0,0,1,0,0,0,NA,,,,,
,,,SMI5,1,2,1,2,0,1,2,"0,5",1,1,"0,5",-1,-1,-1,"0,02","0,02"
,,,SMI6,,,0,2,0,0,2,0,0,0,NA,,,,,
,,,E3,,,0,2,0,0,2,0,0,0,NA,,,,,
,,,E4,,,0,2,0,0,2,0,0,0,NA,,,,,
,,jus possidendi e jus possessionis,SMI3,,,0,2,0,0,2,0,0,0,NA,,,,,
,,,SMI6,1,1,1,3,0,1,3,"0,3333333333",1,1,"0,3333333333","-1,584962501","-1,584962501","-2,584962501","0,03584962501","0,04"
,,,E4,,,0,3,0,0,3,0,0,0,NA,,,,,
6_2,USER_6,há mais de um locador ou mais de um locatário responsabilidade,SMI2,,,0,0,0,0,0,NA,0,0,NA,,,,,
,,dois locadores responsabilidade,TE1,,,0,0,"0,1","0,1","0,1",1,0,0,NA,,,,,
,,,SMI3,,,0,0,"0,1","0,1","0,1",1,0,0,NA,,,,,
,,dois locadores responsabilidade solidária,PT1,,,0,0,"0,1666666667","0,1666666667","0,2666666667","0,625",0,0,NA,,,,,
,,,SMI6,,,0,0,"0,1666666667","0,1666666667","0,2666666667","0,625",0,0,NA,,,,,
,,responsabilidade solidária mais de um locador,TE1,,,0,0,"0,25","0,25","0,5166666667","0,4838709677",0,0,NA,,,,,
,,responsabilidade solidária pluralidade de locadores,TE1,,,0,0,"0,375","0,375","0,8916666667","0,4205607477",0,0,NA,,,,,
,,pluralidade de locadores responsabilidade solidária,PS1,1,1,1,1,1,2,"2,891666667","0,6916426513",1,1,"0,6916426513","-0,531901257","-0,531901257","-0,531901257","0,01531901257","0,02"
,,,SMI6,,,0,1,1,1,"2,891666667","0,3458213256",0,0,NA,,,,,
,,,C6,1,4,1,2,1,2,"2,891666667","0,6916426513","0,82","0,82","0,8434666479","-0,2455970718","-0,2013895989","-0,7332908559","0,01733290856","0,02"
,,,SMI6,,,0,2,1,1,"2,891666667","0,3458213256",0,0,NA,,,,,
,,,C6,,,0,2,1,1,"2,891666667","0,3458213256",0,0,NA,,,,,
,,locadores responsabilidade solidária,SMI2,,,0,2,"0,6","0,6","3,491666667","0,1718377088",0,0,NA,,,,,
,,dois locadores responsabilidade solidária,PT1,,,0,2,"0,75","0,75","4,241666667","0,1768172888",0,0,NA,,,,,
,,dois locadores responsabilidade solidária lei inquilinato,PT1,,,0,2,"0,6666666667","0,6666666667","5,908333333","0,1128349788",0,0,NA,,,,,
,,,SMI6,1,2,1,3,"0,6666666667","1,666666667","5,908333333","0,2820874471",1,1,"0,2820874471","-1,825785627","-1,825785627","-2,559076483","0,03559076483","0,04"
,,,SMI8,,,0,3,"0,6666666667","0,6666666667","5,908333333","0,1128349788",0,0,NA,,,,,
,,,PT2,1,3,1,4,"0,6666666667","1,666666667","5,908333333","0,2820874471","0,62","0,62","0,4549797534","-1,136125748","-0,7043979638","-3,263474447","0,04263474447","0,04"
,,,PT3,1,4,1,5,"0,6666666667","1,666666667","5,908333333","0,2820874471","0,77","0,77","0,3663473339","-1,448715978","-1,115511303","-4,37898575","0,0537898575","0,05"
,,,SMI8,,,0,5,"0,6666666667","0,6666666667","5,908333333","0,1128349788",0,0,NA,,,,,
,,,C1,,,0,5,"0,6666666667","0,6666666667","5,908333333","0,1128349788",0,0,NA,,,,,
,,,TE2,,,0,5,"0,6666666667","0,6666666667","5,908333333","0,1128349788",0,0,NA,,,,,
,,lei nº 8.245/91,D2,,,0,5,"0,125","0,125","7,033333333","0,01777251185",0,0,NA,,,,,
,,,TE3,1,1,1,6,"0,125","1,125","7,033333333","0,1599526066",1,1,"0,1599526066","-2,644283592","-2,644283592","-7,023269342","0,08023269342","0,08"
,,,SMI6,,,0,6,"0,125","0,125","7,033333333","0,01777251185",0,0,NA,,,,,
,,,E2,,,0,6,"0,125","0,125","7,033333333","0,01777251185",0,0,NA,,,,,
,,morte locatário sub-rogado,C2,,,0,6,0,0,"8,033333333",0,0,0,NA,,,,,
,,,SMI2,1,1,1,7,0,1,"8,033333333","0,1244813278",1,1,"0,1244813278","-3,005998741","-3,005998741","-10,02926808","0,1102926808","0,11"
,,,E2,,,0,7,0,0,"8,033333333",0,0,0,NA,,,,,
,,,E4,,,0,7,0,0,"8,033333333",0,0,0,NA,,,,,
,,direito de retomada pedido expresso ação renovatória,SMI2,,,0,7,0,0,"9,033333333",0,0,0,NA,,,,,
,,,SMI6,1,1,1,8,0,1,"9,033333333","0,110701107",1,1,"0,110701107","-3,175258446","-3,175258446","-13,20452653","0,1420452653","0,14"
,,,E2,,,0,8,0,0,"9,033333333",0,0,0,NA,,,,,
,,,SMI8,,,0,8,0,0,"9,033333333",0,0,0,NA,,,,,
,,,C2,,,0,8,0,0,"9,033333333",0,0,0,NA,,,,,
,,retomada pedido expresso ação renovatória,SMI2,,,0,8,"0,7142857143","0,7142857143","10,74761905","0,06645990253",0,0,NA,,,,,
,,,SMI5,1,2,1,9,"0,7142857143","1,714285714","10,74761905","0,1595037661",1,1,"0,1595037661","-2,648337607","-2,648337607","-15,85286414","0,1685286414","0,17"
,,,SMI6,,,0,9,"0,7142857143","0,7142857143","10,74761905","0,06645990253",0,0,NA,,,,,
,,,SMI8,,,0,9,"0,7142857143","0,7142857143","10,74761905","0,06645990253",0,0,NA,,,,,
,,,E3,,,0,9,"0,7142857143","0,7142857143","10,74761905","0,06645990253",0,0,NA,,,,,
6_3,USER_6,dano moral decorrente de atraso/cancelamento de voo e extravio de bagagens,SMI2,1,1,1,1,0,1,1,1,1,1,1,0,0,0,"0,01","0,01"
,,,SMI5,1,2,1,2,0,1,1,1,1,1,1,0,0,0,"0,01","0,01"
,,,SMI6,,,0,2,0,0,1,0,0,0,NA,,,,,
,,,C6,,,0,2,0,0,1,0,0,0,NA,,,,,
,,,SMI6,1,2,1,3,0,1,1,1,"0,98","0,98","1,020408163","0,02914634566","0,02856341875","0,02856341875","0,009714365813","0,01"
,,,PT2,1,1,1,4,0,1,1,1,1,1,1,0,0,"0,02856341875","0,009714365813","0,01"
,,,C1,,,0,4,0,0,1,0,0,0,NA,,,,,
,,,TE2,,,0,4,0,0,1,0,0,0,NA,,,,,
,,dano moral decorrente de atraso/cancelamento de voo e extravio de bagagens,PS1,,,0,4,1,1,3,"0,3333333333",0,0,NA,,,,,
,,,TE3,1,1,1,5,1,2,3,"0,6666666667",1,1,"0,6666666667","-0,5849625007","-0,5849625007","-0,556399082","0,01556399082","0,02"
,,,PT3,1,2,1,6,1,2,3,"0,6666666667",1,1,"0,6666666667","-0,5849625007","-0,5849625007","-1,141361583","0,02141361583","0,02"
,,,PT2,1,1,1,7,1,2,3,"0,6666666667",1,1,"0,6666666667","-0,5849625007","-0,5849625007","-1,726324083","0,02726324083","0,03"
,,,SMI6,,,0,7,1,1,3,"0,3333333333",0,0,NA,,,,,
,,,C1,,,0,7,1,1,3,"0,3333333333",0,0,NA,,,,,
,,,TE2,,,0,7,1,1,3,"0,3333333333",0,0,NA,,,,,
,,Agrg no Ag 442 487/RJ,D2,1,1,1,8,0,1,4,"0,25",1,1,"0,25",-2,-2,"-3,726324083","0,04726324083","0,05"
,,Agrg no Ag 442 487/RJ,PS1,1,1,1,9,1,2,6,"0,3333333333",1,1,"0,3333333333","-1,584962501","-1,584962501","-5,311286584","0,06311286584","0,06"
,,,E2,,,0,9,1,1,6,"0,1666666667",0,0,NA,,,,,
7_1,USER_7,posse justa e injusta,SMI1,,,0,0,0,0,1,NA,0,0,NA,,,,,
,,,SMI2,,,0,0,0,0,1,NA,0,0,NA,,,,,
,,,SMI5,1,1,1,1,0,1,1,1,1,1,1,0,0,0,"0,01","0,01"
,,,SMI6,,,0,1,0,0,1,0,0,0,NA,,,,,
,,,E3,,,0,1,0,0,1,0,0,0,NA,,,,,
,,,SMI8,,,0,1,0,0,1,0,0,0,NA,,,,,
,,,SMI7,,,0,1,0,0,1,0,0,0,NA,,,,,
,,,E4,,,0,1,0,0,1,0,0,0,NA,,,,,
,,,SMI8,,,0,1,0,0,1,0,0,0,NA,,,,,
,,,SMI7,,,0,1,0,0,1,0,0,0,NA,,,,,
,,,E4,,,0,1,0,0,1,0,0,0,NA,,,,,
,,Agint no Resp: 1952242 SE 2021/0217220-8,D2,1,1,1,2,0,1,2,"0,5",1,1,"0,5",-1,-1,-1,"0,02","0,02"
,,,SMI6,,,0,2,0,0,2,0,0,0,NA,,,,,
,,jus possidendi e jus possessionis,SMI3,,,0,2,0,0,3,0,0,0,NA,,,,,
,,,SMI6,,,0,2,0,0,3,0,0,0,NA,,,,,
,,,E3,1,1,1,3,0,1,3,"0,3333333333",1,1,"0,3333333333","-1,584962501","-1,584962501","-2,584962501","0,03584962501","0,04"
,,,SMI7,,,0,3,0,0,3,0,0,0,NA,,,,,
,,,E4,,,0,3,0,0,3,0,0,0,NA,,,,,
7_2,USER_7,qual contrato de locação exigencia anunencia conjugal?,SMI2,,,0,0,0,0,0,NA,0,0,NA,,,,,
,,contrato de locação que precisa de vênia conjulgal,PS2,,,0,0,"0,2727272727","0,2727272727","0,2727272727",1,0,0,NA,,,,,
,,vênia conjugal para contrato de locação de imóvel,TE1,,,0,0,"0,4","0,4","1,672727273","0,2391304348",0,0,NA,,,,,
,,,SMI5,1,1,1,1,"0,4","1,4","1,672727273","0,8369565217",1,1,"0,8369565217","-0,2567754154","-0,2567754154","-0,2567754154","0,02","0,02"
,,,SMI6,,,0,1,"0,4","0,4","1,672727273","0,2391304348",0,0,NA,,,,,
,,,SMI7,,,0,1,"0,4","0,4","1,672727273","0,2391304348",0,0,NA,,,,,
,,,E4,,,0,1,"0,4","0,4","1,672727273","0,2391304348",0,0,NA,,,,,
,,lei do inquilinato direito de preferência,SMI2,,,0,1,"0,08333333333","0,08333333333","2,756060606","0,03023639362",0,0,NA,,,,,
,,,SMI5,1,1,1,2,"0,08333333333","1,083333333","2,756060606","0,3930731171",1,1,"0,3930731171","-1,347130396","-1,347130396","-1,603905811","0,02603905811","0,03"
,,,SMI6,,,0,2,"0,08333333333","0,08333333333","2,756060606","0,03023639362",0,0,NA,,,,,
,,,SMI7,,,0,2,"0,08333333333","0,08333333333","2,756060606","0,03023639362",0,0,NA,,,,,
,,,E4,,,0,2,"0,08333333333","0,08333333333","2,756060606","0,03023639362",0,0,NA,,,,,
7_3,USER_7,Como foi a evolução do entendimento do STJ sobre a aplicação do Código de Defesa do Consumidor nos casos de responsabilidade civil de companhias aéreas em voo internacional?,SMI2,,,0,0,0,0,1,0,0,0,NA,,,,,
,,,SMI5,,,0,0,0,0,1,0,0,0,NA,,,,,
,,,PT2,1,1,1,1,0,1,1,1,1,1,1,0,0,0,"0,01","0,01"
,,,SMI6,,,0,1,0,0,1,0,0,0,NA,,,,,
,,,SMI8,,,0,1,0,0,1,0,0,0,NA,,,,,
,,,C1,,,0,1,0,0,1,0,0,0,NA,,,,,
,,,TE2,,,0,1,0,0,1,0,0,0,NA,,,,,
,,Como foi a evolução do entendimento do STJ sobre a aplicação do Código de Defesa do Consumidor nos casos de responsabilidade civil de companhias aéreas em voo internacional?,SMI2,,,0,1,"0,9545454545","0,9545454545","2,954545455","0,3230769231",0,0,NA,,,,,
,,,SMI6,,,0,1,"0,9545454545","0,9545454545","2,954545455","0,3230769231",0,0,NA,,,,,
,,,TE3,1,1,1,2,"0,9545454545","1,954545455","2,954545455","0,6615384615",1,1,"0,6615384615","-0,5961030583","-0,5961030583","-0,5961030583","0,01596103058","0,02"
,,,C6,,,0,2,"0,9545454545","0,9545454545","2,954545455","0,3230769231",0,0,NA,,,,,
,,,SMI6,,,0,2,"0,9545454545","0,9545454545","2,954545455","0,3230769231",0,0,NA,,,,,
,,,D1,,,0,2,"0,9545454545","0,9545454545","2,954545455","0,3230769231",0,0,NA,,,,,
,,"Qual a regra para reparação de danos materiais decorrentes de extravio de bagagem em voos nacionais, segundo o entendimento da legislação brasileira?",SMI2,,,0,2,"0,1081081081","0,1081081081","4,062653563","0,02661022074",0,0,NA,,,,,
,,,SMI5,1,1,1,3,"0,1081081081","1,108108108","4,062653563","0,2727547626",1,1,"0,2727547626","-1,874323707","-1,874323707","-2,470426765","0,03470426765","0,03"
,,,SMI6,,,0,3,"0,1081081081","0,1081081081","4,062653563","0,02661022074",0,0,NA,,,,,
,,,SMI8,,,0,3,"0,1081081081","0,1081081081","4,062653563","0,02661022074",0,0,NA,,,,,
,,,SMI7,,,0,3,"0,1081081081","0,1081081081","4,062653563","0,02661022074",0,0,NA,,,,,
,,,E4,,,0,3,"0,1081081081","0,1081081081","4,062653563","0,02661022074",0,0,NA,,,,,
,,"Qual é a regra geral da responsabilidade civil aplicada aos fornecedores de serviços de transporte aéreo, de acordo com o Código de Defesa do Consumidor (CDC)?",SMI2,,,0,3,"0,1621621622","0,1621621622","5,224815725","0,03103691512",0,0,NA,,,,,
,,,SMI6,,,0,3,"0,1621621622","0,1621621622","5,224815725","0,03103691512",0,0,NA,,,,,
,,,SMI5,1,1,1,4,"0,1621621622","1,162162162","5,224815725","0,222431225",1,1,"0,222431225","-2,168568766","-2,168568766","-4,638995532","0,05638995532","0,06"
,,,SMI6,,,0,4,"0,1621621622","0,1621621622","5,224815725","0,03103691512",0,0,NA,,,,,
,,,C1,,,0,4,"0,1621621622","0,1621621622","5,224815725","0,03103691512",0,0,NA,,,,,
,,,TE2,,,0,4,"0,1621621622","0,1621621622","5,224815725","0,03103691512",0,0,NA,,,,,
,,"Qual é a regra geral da responsabilidade civil aplicada aos fornecedores de serviços de transporte aéreo, de acordo com o Código de Defesa do Consumidor (CDC)?",SMI2,,,0,4,1,1,"7,224815725","0,1384118347",0,0,NA,,,,,
,,,TE3,1,1,1,5,1,2,"7,224815725","0,2768236694",1,1,"0,2768236694","-1,852960791","-1,852960791","-6,491956322","0,07491956322","0,07"
,,,SMI7,,,0,5,1,1,"7,224815725","0,1384118347",0,0,NA,,,,,
,,,E4,,,0,5,1,1,"7,224815725","0,1384118347",0,0,NA,,,,,
,,Qual é o entendimento atual acerca da configuração do dano moral decorrente de atrasos/cancelamentos de voos e extravio de bagagens?,SMI2,,,0,5,"0,1714285714","0,1714285714","8,396244296","0,02041729199",0,0,NA,,,,,
,,,SMI6,,,0,5,"0,1714285714","0,1714285714","8,396244296","0,02041729199",0,0,NA,,,,,
,,,SMI5,1,1,1,6,"0,1714285714","1,171428571","8,396244296","0,1395181619",1,1,"0,1395181619","-2,841475156","-2,841475156","-9,333431479","0,1033343148","0,10"
,,,SMI6,,,0,6,"0,1714285714","0,1714285714","8,396244296","0,02041729199",0,0,NA,,,,,
,,,SMI8,,,0,6,"0,1714285714","0,1714285714","8,396244296","0,02041729199",0,0,NA,,,,,
,,,C1,,,0,6,"0,1714285714","0,1714285714","8,396244296","0,02041729199",0,0,NA,,,,,
,,,TE2,,,0,6,"0,1714285714","0,1714285714","8,396244296","0,02041729199",0,0,NA,,,,,
,,Qual é o entendimento atual acerca da configuração do dano moral decorrente de atrasos/cancelamentos de voos e extravio de bagagens?,SMI2,,,0,6,1,1,"10,3962443","0,09618858229",0,0,NA,,,,,
,,,SMI6,1,1,1,7,1,2,"10,3962443","0,1923771646",1,1,"0,1923771646","-2,377990535","-2,377990535","-11,71142201","0,1271142201","0,13"
,,,SMI7,,,0,7,1,1,"10,3962443","0,09618858229",0,0,NA,,,,,
,,,E4,,,0,7,1,1,"10,3962443","0,09618858229",0,0,NA,,,,,
8_1,USER_8,Jus Possessionis,SMI2,,,0,0,0,0,1,0,0,0,NA,,,,,
,,,SMI6,1,1,1,1,0,1,1,1,1,1,1,0,0,0,"0,01","0,01"
,,,E3,,,0,1,0,0,1,0,0,0,NA,,,,,
,,,SMI7,,,0,1,0,0,1,0,0,0,NA,,,,,
,,,E4,,,0,1,0,0,1,0,0,0,NA,,,,,
,,,SMI2,,,0,1,0,0,1,0,0,0,NA,,,,,
,,,SMI6,,,0,1,0,0,1,0,0,0,NA,,,,,
,,Posse precária,SMI2,,,0,1,0,0,2,0,0,0,NA,,,,,
,,,SMI6,,,0,1,0,0,2,0,0,0,NA,,,,,
,,,PT3,1,1,1,2,0,1,2,"0,5",1,1,"0,5",-1,-1,-1,"0,02","0,02"
,,,-,1,2,1,3,0,1,2,"0,5","0,98","0,98","0,5102040816","-0,9708536543","-0,9514365813","-1,951436581","0,02951436581","0,03"
,,,-,1,3,1,4,0,1,2,"0,5",1,1,"0,5",-1,-1,"-2,951436581","0,03951436581","0,04"
,,,SMI7,,,0,4,0,0,2,0,0,0,NA,,,,,
,,,E2,,,0,4,0,0,2,0,0,0,NA,,,,,
,,,E3,,,0,4,0,0,2,0,0,0,NA,,,,,
8_2,USER_8,Vênia conjugal locação,SMI2,,,0,0,0,0,1,0,0,0,NA,,,,,
,,,SMI6,,,0,0,0,0,1,0,0,0,NA,,,,,
,,,PT3,1,1,1,1,0,1,1,1,1,1,1,0,0,0,"0,01","0,01"
,,,-,1,2,1,2,0,1,1,1,"0,98","0,98","1,020408163","0,02914634566","0,02856341875","0,02856341875","0,009714365813","0,01"
,,,-,1,3,1,3,0,1,1,1,1,1,1,0,0,"0,02856341875","0,009714365813","0,01"
,,,-,1,4,1,4,0,1,1,1,1,1,1,0,0,"0,02856341875","0,009714365813","0,01"
,,,E3,,,0,4,0,0,1,0,0,0,NA,,,,,
,,Direito de retomada manifestação,SMI2,,,0,4,0,0,2,0,0,0,NA,,,,,
,,,SMI6,,,0,4,0,0,2,0,0,0,NA,,,,,
,,,PT3,1,1,1,5,0,1,2,"0,5",1,1,"0,5",-1,-1,"-0,9714365813","0,01971436581","0,02"
,,,-,1,2,1,6,0,1,2,"0,5","0,98","0,98","0,5102040816","-0,9708536543","-0,9514365813","-1,922873163","0,02922873163","0,03"
,,Direito de retomada locação manifestação,PT1,,,0,6,"0,8","0,8","3,8","0,2105263158",0,0,NA,,,,,
,,,SMI6,1,1,1,7,"0,8","1,8","3,8","0,4736842105",1,1,"0,4736842105","-1,078002512","-1,078002512","-3,000875675","0,04000875675","0,04"
,,Retomada locação manifestação,SMI2,,,0,7,"0,3333333333","0,3333333333","5,133333333","0,06493506494",0,0,NA,,,,,
,,,SMI6,,,0,7,"0,3333333333","0,3333333333","5,133333333","0,06493506494",0,0,NA,,,,,
,,,PT3,1,1,1,8,"0,3333333333","1,333333333","5,133333333","0,2597402597",1,1,"0,2597402597","-1,944858446","-1,944858446","-4,94573412","0,0594573412","0,06"
,,,-,1,2,1,9,"0,3333333333","1,333333333","5,133333333","0,2597402597","0,98","0,98","0,2650410814","-1,9157121","-1,877397858","-6,823131978","0,07823131978","0,08"
,,,-,1,3,1,10,"0,3333333333","1,333333333","5,133333333","0,2597402597",1,1,"0,2597402597","-1,944858446","-1,944858446","-8,767990424","0,09767990424","0,10"
,,Retomada locação expressa,TE1,,,0,10,"0,5","0,5","6,633333333","0,07537688442",0,0,NA,,,,,
,,,PT3,1,1,1,11,"0,5","1,5","6,633333333","0,2261306533",1,1,"0,2261306533","-2,144771524","-2,144771524","-10,91276195","0,1191276195","0,12"
,,,-,1,2,1,12,"0,5","1,5","6,633333333","0,2261306533","0,98","0,98","0,2307455646","-2,115625179","-2,073312675","-12,98607462","0,1398607462","0,14"
,,,E3,,,0,12,"0,5","0,5","6,633333333","0,07537688442",0,0,NA,,,,,
8_3,USER_8,Dano moral extravio de bagagem voo doméstico,SMI2,,,0,0,0,0,1,0,0,0,NA,,,,,
,,,SMI6,,,0,0,0,0,1,0,0,0,NA,,,,,
,,,PT3,1,1,1,1,0,1,1,1,1,1,1,0,0,0,"0,01","0,01"
,,,-,1,2,1,2,0,1,1,1,"0,98","0,98","1,020408163","0,02914634566","0,02856341875","0,02856341875","0,009714365813","0,01"
,,,-,1,3,1,3,0,1,1,1,1,1,1,0,0,"0,02856341875","0,009714365813","0,01"
,,,E2,,,0,3,0,0,1,0,0,0,NA,,,,,
,,,E3,,,0,3,0,0,1,0,0,0,NA,,,,,
,,Dano moral cancelamento de voo configuração,SMI2,,,0,3,"0,4444444444","0,4444444444","2,444444444","0,1818181818",0,0,NA,,,,,
,,,SMI6,,,0,3,"0,4444444444","0,4444444444","2,444444444","0,1818181818",0,0,NA,,,,,
,,,PT3,1,1,1,4,"0,4444444444","1,444444444","2,444444444","0,5909090909",1,1,"0,5909090909","-0,7589919005","-0,7589919005","-0,7304284817","0,01730428482","0,02"
,,,-,1,2,1,5,"0,4444444444","1,444444444","2,444444444","0,5909090909","0,98","0,98","0,6029684601","-0,7298455548","-0,7152486437","-1,445677125","0,02445677125","0,02"
,,,E2,,,0,5,"0,4444444444","0,4444444444","2,444444444","0,1818181818",0,0,NA,,,,,
,,Dano moral abalo psicológico,SMI2,,,0,5,"0,25","0,25","3,694444444","0,06766917293",0,0,NA,,,,,
,,,SMI6,1,1,1,6,"0,25","1,25","3,694444444","0,3383458647",1,1,"0,3383458647","-1,563429339","-1,563429339","-3,009106465","0,04009106465","0,04"
,,,E3,,,0,6,"0,25","0,25","3,694444444","0,06766917293",0,0,NA,,,,,
9_1,USER_9,jus possidendi e jus possessionis,C4,,,0,0,0,0,0,0,0,0,NA,,,,,
,,,SMI2,,,0,0,0,0,0,0,0,0,NA,,,,,
,,jus possidendi e jus possessionis,SMI3,,,0,0,1,1,2,"0,5",0,0,NA,,,,,
,,,SMI6,1,1,1,1,1,2,2,1,1,1,1,0,0,0,"0,01","0,01"
,,,E3,,,0,1,1,1,2,"0,5",0,0,NA,,,,,
9_2,USER_9,Quais tipos de benfeitorias realizadas pelo locatário serão indenizáveis pelo locador ao final da locação,SMI2,,,0,0,0,0,1,0,0,0,NA,,,,,
,,,PT3,1,1,1,1,0,1,1,1,1,1,1,0,0,0,"0,01","0,01"
,,,-,1,2,1,2,0,1,1,1,"0,98","0,98","1,020408163","0,02914634566","0,02856341875","0,02856341875","0,009714365813","0,01"
,,Benfeitorias necessárias e benfeitorias úteis,SMI2,,,0,2,"0,05555555556","0,05555555556","2,055555556","0,02702702703",0,0,NA,,,,,
,,,SMI6,1,1,1,3,"0,05555555556","1,055555556","2,055555556","0,5135135135",1,1,"0,5135135135","-0,9615258522","-0,9615258522","-0,9329624334","0,01932962433","0,02"
,,Ação renovatória de locação é obrigatório constar na contestação o pedido de retomada do imóvel,SMI2,,,0,3,0,0,"2,055555556",0,0,0,NA,,,,,
,,,SMI6,,,0,3,0,0,"2,055555556",0,0,0,NA,,,,,
,,Ação renovatória e o direito de retomada,TE1,,,0,3,"0,3125","0,3125","3,368055556","0,09278350515",0,0,NA,,,,,
,,,PT3,1,1,1,4,"0,3125","1,3125","3,368055556","0,3896907216",1,1,"0,3896907216","-1,359598513","-1,359598513","-2,292560946","0,03292560946","0,03"
,,,-,1,2,1,5,"0,3125","1,3125","3,368055556","0,3896907216","0,98","0,98","0,3976435935","-1,330452167","-1,303843124","-3,59640407","0,0459640407","0,05"
,,,-,1,3,1,6,"0,3125","1,3125","3,368055556","0,3896907216",1,1,"0,3896907216","-1,359598513","-1,359598513","-4,956002583","0,05956002583","0,06"
,,Contestação da ação renovatória de locação tem como requisito o pedido de retomada do imóvel,TE1,,,0,6,"0,2352941176","0,2352941176","3,603349673","0,06529871897",0,0,NA,,,,,
,,,SMI6,,,0,6,"0,2352941176","0,2352941176","3,603349673","0,06529871897",0,0,NA,,,,,
,,"O direito de retomada tem que ser exercido expressamente, pelo locador, quando da defesa de uma ação renovatória de aluguel ajuizada pelo locatário",TE1,,,0,6,"0,2142857143","0,2142857143","4,817635387","0,04447943795",0,0,NA,,,,,
,,,PT3,1,1,1,7,"0,2142857143","1,214285714","4,817635387","0,2520501484",1,1,"0,2520501484","-1,988217291","-1,988217291","-6,944219874","0,07944219874","0,08"
,,,-,1,2,1,8,"0,2142857143","1,214285714","4,817635387","0,2520501484","0,98","0,98","0,257194029","-1,959070946","-1,919889527","-8,864109401","0,09864109401","0,10"
,,,-,1,3,1,9,"0,2142857143","1,214285714","4,817635387","0,2520501484",1,1,"0,2520501484","-1,988217291","-1,988217291","-10,85232669","0,1185232669","0,12"
,,O direito de retomada expresso é requisito para o locador,TE1,,,0,9,"0,1538461538","0,1538461538","5,971481541","0,02576348144",0,0,NA,,,,,
,,,PT3,1,1,1,10,"0,1538461538","1,153846154","5,971481541","0,1932261108",1,1,"0,1932261108","-2,371638035","-2,371638035","-13,22396473","0,1422396473","0,14"
,,,-,1,2,1,11,"0,1538461538","1,153846154","5,971481541","0,1932261108","0,98","0,98","0,1971695008","-2,342491689","-2,295641856","-15,51960658","0,1651960658","0,17"
,,,-,1,3,1,12,"0,1538461538","1,153846154","5,971481541","0,1932261108",1,1,"0,1932261108","-2,371638035","-2,371638035","-17,89124462","0,1889124462","0,19"
,,O direito de retomada expresso é requisito para o locador,TE1,,,0,12,1,1,"6,971481541","0,1434415331",0,0,NA,,,,,
,,Direito de retomada na locação,TE1,,,0,12,"0,1538461538","0,1538461538","8,125327695","0,0189341476",0,0,NA,,,,,
,,,PT3,1,1,1,13,"0,1538461538","1,153846154","8,125327695","0,142006107",1,1,"0,142006107","-2,815975121","-2,815975121","-20,70721974","0,2170721974","0,22"
,,,-,1,2,1,14,"0,1538461538","1,153846154","8,125327695","0,142006107","0,98","0,98","0,1449041908","-2,786828775","-2,7310922","-23,43831194","0,2443831194","0,24"
,,,-,1,3,1,15,"0,1538461538","1,153846154","8,125327695","0,142006107",1,1,"0,142006107","-2,815975121","-2,815975121","-26,25428706","0,2725428706","0,27"
,,Requisito para o direito de retomada da locação,PT1,,,0,15,"0,3","0,3","9,425327695","0,03182913207",0,0,NA,,,,,
,,,PT3,1,1,1,16,"0,3","1,3","9,425327695","0,137926239",1,1,"0,137926239","-2,858031155","-2,858031155","-29,11231821","0,3011231821","0,30"
,,,-,1,2,1,17,"0,3","1,3","9,425327695","0,137926239","0,98","0,98","0,1407410602","-2,828884809","-2,772307113","-31,88462533","0,3288462533","0,33"
,,,-,1,3,1,18,"0,3","1,3","9,425327695","0,137926239",1,1,"0,137926239","-2,858031155","-2,858031155","-34,74265648","0,3574265648","0,36"
,,,SMI6,1,4,1,19,"0,3","1,3","9,425327695","0,137926239",1,1,"0,137926239","-2,858031155","-2,858031155","-37,60068764","0,3860068764","0,39"
,,,C6,1,5,1,20,"0,3","1,3","9,425327695","0,137926239",1,1,"0,137926239","-2,858031155","-2,858031155","-40,45871879","0,4145871879","0,41"
,,,SMI6,,,0,20,"0,3","0,3","9,425327695","0,03182913207",0,0,NA,,,,,
,,Pedido expresso de retomada do imóvel deve ser analizado caso a caso,SMI2,1,4,1,21,"0,1176470588","1,117647059","10,54297475","0,106008701","0,82","0,82","0,1292789037","-2,951441226","-2,420181805","-42,8789006","0,438789006","0,44"
,,,SMI6,,,0,21,"0,1176470588","0,1176470588","10,54297475","0,01115881064",0,0,NA,,,,,
,,,C6,1,6,1,22,"0,1176470588","1,117647059","10,54297475","0,106008701","0,63","0,63","0,1682677794","-2,571169145","-1,619836561","-44,49873716","0,4549873716","0,45"
,,,SMI6,,,0,22,"0,1176470588","0,1176470588","10,54297475","0,01115881064",0,0,NA,,,,,
,,,E2,,,0,22,"0,1176470588","0,1176470588","10,54297475","0,01115881064",0,0,NA,,,,,
,,,E3,,,0,22,"0,1176470588","0,1176470588","10,54297475","0,01115881064",0,0,NA,,,,,
9_3,USER_9,Aplicação do código de defesa do consumidor nos casos de responsabildade civil de companhias aéreas em voo internacional,SMI2,,,0,0,0,0,0,0,0,0,NA,,,,,
,,,SMI6,,,0,0,0,0,0,0,0,0,NA,,,,,
,,Repercussão geral aplicação do CDC nas indenizações de voos internacionais,TE1,,,0,0,"0,08695652174","0,08695652174","0,08695652174",1,0,0,NA,,,,,
,,,SMI6,,,0,0,"0,08695652174","0,08695652174","0,08695652174",1,0,0,NA,,,,,
,,Repercussão geral e a aplicação das convenções internacionais na responsabilidade civil das companhias aéreas internacionais,TE1,,,0,0,"0,2105263158","0,2105263158","1,297482838","0,1622574956",0,0,NA,,,,,
,,,SMI6,1,1,1,1,"0,2105263158","1,210526316","1,297482838","0,9329805996",1,1,"0,9329805996","-0,1000810128","-0,1000810128","-0,1000810128","0,01100081013","0,01"
,,Responsabilidade civil das companhias aéreas internacionais CDC ou convenções internacionais,TE1,,,0,1,"0,375","0,375","2,672482838","0,1403189554",0,0,NA,,,,,
,,,PT3,1,1,1,2,"0,375","1,375","2,672482838","0,5145028363",1,1,"0,5145028363","-0,9587490645","-0,9587490645","-1,058830077","0,02058830077","0,02"
,,,,1,2,1,3,"0,375","1,375","2,672482838","0,5145028363","0,98","0,98","0,5250028942","-0,9296027188","-0,9110106644","-1,969840742","0,02969840742","0,03"
,,,E2,,,0,3,"0,375","0,375","2,672482838","0,1403189554",0,0,NA,,,,,
,,,E3,,,0,3,"0,375","0,375","2,672482838","0,1403189554",0,0,NA,,,,,
10_1,USER_10,Tipos de posse,C4,,,0,0,0,0,1,0,0,0,NA,,,,,
,,,SMI5,1,3,1,1,0,1,1,1,"0,95","0,95","1,052631579","0,07400058144","0,07030055237","0,07030055237","0,009296994476","0,01"
,,,SMI6,,,0,1,0,0,1,0,0,0,NA,,,,,
,,,SMI8,,,0,1,0,0,1,0,0,0,NA,,,,,
,,,C6,,,0,1,0,0,1,0,0,0,NA,,,,,
,,Código civil,TE1,1,1,1,2,0,1,2,"0,5",1,1,"0,5",-1,-1,"-0,9296994476","0,01929699448","0,02"
,,,SMI8,,,0,2,0,0,2,0,0,0,NA,,,,,
,,,SMI7,,,0,2,0,0,2,0,0,0,NA,,,,,
,,,C6,,,0,2,0,0,2,0,0,0,NA,,,,,
,,Posse precária,TE1,,,0,2,0,0,3,0,,0,NA,,,,,
,,,C8,,,0,2,0,0,3,0,,0,NA,,,,,
,,,SMI5,,,0,2,0,0,3,0,,0,NA,,,,,
,,,SMI6,1,1,1,3,0,1,3,"0,3333333333",1,1,"0,3333333333","-1,584962501","-1,584962501","-2,514661948","0,03514661948","0,04"
,,,SMI7,,,0,3,0,0,3,0,0,0,NA,,,,,
,,,C6,,,0,3,0,0,3,0,0,0,NA,,,,,
,,,C9,1,2,1,4,0,1,3,"0,3333333333","0,98","0,98","0,3401360544","-1,555816155","-1,524699832","-4,03936178","0,0503936178","0,05"
,,,SMI6,,,0,4,0,0,3,0,0,0,NA,,,,,
,,,SMI7,,,0,4,0,0,3,0,0,0,NA,,,,,
,,,E2,,,0,4,0,0,3,0,0,0,NA,,,,,
,,jus possidendi,SMI2,,,0,4,0,0,3,0,0,0,NA,,,,,
,,,SMI5,,,0,4,0,0,3,0,0,0,NA,,,,,
,,jus possessionis e jus possidendi,PT1,,,0,4,"0,5","0,5","4,5","0,1111111111",0,0,NA,,,,,
,,,SMI6,,,0,4,"0,5","0,5","4,5","0,1111111111",0,0,NA,,,,,
,,,SMI5,1,1,1,5,"0,5","1,5","4,5","0,3333333333",1,1,"0,3333333333","-1,584962501","-1,584962501","-5,624324281","0,06624324281","0,07"
,,,SMI6,,,0,5,"0,5","0,5","4,5","0,1111111111",0,0,NA,,,,,
,,,SMI8,,,0,5,"0,5","0,5","4,5","0,1111111111",0,0,NA,,,,,
,,,C6,1,3,1,6,"0,5","1,5","4,5","0,3333333333","0,62","0,62","0,5376344086","-0,8953026213","-0,5550876252","-6,179411906","0,07179411906","0,07"
,,,SMI8,,,0,6,"0,5","0,5","4,5","0,1111111111",0,0,NA,,,,,
,,"AgInt no REsp: 1952242 SE 2021/0217220-8, Relator: Ministro LUIS FELIPE SALOMÃO, Data de Julgamento: 14/12/2021, T4 - QUARTA TURMA, Data de Publicação: DJe 01/02/2022",SMI2,,,0,6,0,0,"4,5",0,0,0,NA,,,,,
,,AgInt no REsp: 1952242,SMI2,1,1,1,7,"0,1818181818","1,181818182","5,681818182","0,208",1,1,"0,208","-2,265344567","-2,265344567","-8,444756473","0,09444756473","0,09"
,,,SMI6,,,0,7,"0,1818181818","0,1818181818","5,681818182","0,032",0,0,NA,,,,,
,,,SMI5,,,0,7,"0,1818181818","0,1818181818","5,681818182","0,032",0,0,NA,,,,,
,,,SMI8,,,0,7,"0,1818181818","0,1818181818","5,681818182","0,032",0,0,NA,,,,,
,,,E2,,,0,7,"0,1818181818","0,1818181818","5,681818182","0,032",0,0,NA,,,,,
,,,E3,,,0,7,"0,1818181818","0,1818181818","5,681818182","0,032",0,0,NA,,,,,
10_2,USER_10,Lei do inquilinato,C4,1,1,1,1,0,1,1,1,1,1,1,0,0,0,"0,01","0,01"
,,,SMI6,,,0,1,0,0,1,0,0,0,NA,,,,,
,,,SMI8,,,0,1,0,0,1,0,0,0,NA,,,,,
,,,C6,,,0,1,0,0,1,0,0,0,NA,,,,,
,,Lei do inquilinato estabelecimento comercial,PT1,,,0,1,"0,6","0,6","1,6","0,375",0,0,NA,,,,,
,,,SMI5,,,0,1,"0,6","0,6","1,6","0,375",0,0,NA,,,,,
,,"Lei do inquilinato ""estabelecimento comercial""",TE1,,,0,1,1,1,"3,6","0,2777777778",0,0,NA,,,,,
,,,SMI5,1,1,1,2,1,2,"3,6","0,5555555556",1,1,"0,5555555556","-0,8479969066","-0,8479969066","-0,8479969066","0,01847996907","0,02"
,,,SMI6,,,0,2,1,1,"3,6","0,2777777778",0,0,NA,,,,,
,,Lei do inquilinato,C6,1,1,1,3,"0,6","1,6","5,2","0,3076923077",1,1,"0,3076923077","-1,700439718","-1,700439718","-2,548436625","0,03548436625","0,04"
,,,SMI6,,,0,3,"0,6","0,6","5,2","0,1153846154",0,0,NA,,,,,
,,Lei n0 8245,TE2,1,1,1,4,"0,2","1,2","6,4","0,1875",1,1,"0,1875","-2,415037499","-2,415037499","-4,963474124","0,05963474124","0,06"
,,,SMI6,,,0,4,"0,2","0,2","6,4","0,03125",0,0,NA,,,,,
,,,PT3,,,0,4,"0,2","0,2","6,4","0,03125",0,0,NA,,,,,
,,,E2,,,0,4,"0,2","0,2","6,4","0,03125",0,0,NA,,,,,
,,responsabilidade solidária locador locatário,SMI2,,,0,4,0,0,"6,4",0,0,0,NA,,,,,
,,responsabilidade solidária entre locatários,TE1,,,0,4,"0,3333333333","0,3333333333","7,733333333","0,04310344828",0,0,NA,,,,,
,,,SMI5,1,3,1,5,"0,3333333333","1,333333333","7,733333333","0,1724137931","0,95","0,95","0,1814882033","-2,462052319","-2,338949703","-7,302423827","0,08302423827","0,08"
,,,C6,,,0,5,"0,3333333333","0,3333333333","7,733333333","0,04310344828",0,0,NA,,,,,
,,responsabilidade solidária entre locatários lei,PT1,,,0,5,"0,8","0,8","8,533333333","0,09375",0,0,NA,,,,,
,,responsabilidade solidária entre vários locatários,TE1,1,1,1,6,"0,6666666667","1,666666667","10,2","0,1633986928",1,1,"0,1633986928","-2,613531653","-2,613531653","-9,91595548","0,1091595548","0,11"
,,,PT3,,,0,6,"0,6666666667","0,6666666667","10,2","0,06535947712",0,0,NA,,,,,
,,,SMI8,,,0,6,"0,6666666667","0,6666666667","10,2","0,06535947712",0,0,NA,,,,,
,,,C6,,,0,6,"0,6666666667","0,6666666667","10,2","0,06535947712",0,0,NA,,,,,
,,,C8,1,4,1,7,"0,6666666667","1,666666667","10,2","0,1633986928","0,42","0,42","0,3890445067","-1,361992886","-0,5720370121","-10,48799249","0,1148799249","0,11"
,,,SMI6,,,0,7,"0,6666666667","0,6666666667","10,2","0,06535947712",0,0,NA,,,,,
,,,C6,,,0,7,"0,6666666667","0,6666666667","10,2","0,06535947712",0,0,NA,,,,,
,,Vênia conjugal prazo de locação,SMI2,1,2,1,8,0,1,"11,2","0,08928571429",1,1,"0,08928571429","-3,485426827","-3,485426827","-13,97341932","0,1497341932","0,15"
,,,SMI6,,,0,8,0,0,"11,2",0,0,0,NA,,,,,
,,,PT3,,,0,8,0,0,"11,2",0,0,0,NA,,,,,
,,Sub rogação locação,TE1,1,2,1,9,"0,1428571429","1,142857143","12,34285714","0,09259259259",1,1,"0,09259259259","-3,432959407","-3,432959407","-17,40637873","0,1840637873","0,18"
,,,SMI6,,,0,9,"0,1428571429","0,1428571429","12,34285714","0,01157407407",0,0,NA,,,,,
,,,PT3,,,0,9,"0,1428571429","0,1428571429","12,34285714","0,01157407407",0,0,NA,,,,,
,,"Inquilinato Aluguel, Tributos, Encargos e Despesas Ordinárias",SMI2,,,0,9,0,0,"12,34285714",0,0,0,NA,,,,,
,,,SMI8,,,0,9,0,0,"12,34285714",0,0,0,NA,,,,,
,,,PT3,,,0,9,0,0,"12,34285714",0,0,0,NA,,,,,
,,,E2,,,0,9,0,0,"12,34285714",0,0,0,NA,,,,,
,,"o direito de retomada tem que ser exercido expressamente, pelo locador, quando da defesa em uma ação renovatória de aluguel ajuizada pelo locatário",SMI2,,,0,9,0,0,"12,34285714",0,0,0,NA,,,,,
,,,SMI5,,,0,9,0,0,"12,34285714",0,0,0,NA,,,,,
,,o direito de retomada locador,SMI2,1,2,1,10,"0,1818181818","1,181818182","13,52467532","0,08738236989",1,1,"0,08738236989","-3,516513956","-3,516513956","-20,92289268","0,2192289268","0,22"
,,,SMI6,,,0,10,"0,1818181818","0,1818181818","13,52467532","0,01344344152",0,0,NA,,,,,
,,,C6,1,3,1,11,"0,1818181818","1,181818182","13,52467532","0,08738236989",1,1,"0,08738236989","-3,516513956","-3,516513956","-24,43940664","0,2543940664","0,25"
,,,SMI8,,,0,11,"0,1818181818","0,1818181818","13,52467532","0,01344344152",0,0,NA,,,,,
,,interpretação lógico-sistemática das causas de pedir da ação podem permitir a verificação do exercício do direito de retomada mesmo sem pedido expresso na defesa,SMI2,,,0,11,"0,125","0,125","13,64967532","0,009157726981",0,0,NA,,,,,
,,Defesa vazia locador,SMI2,,,0,11,0,0,"14,64967532",0,0,0,NA,,,,,
,,,SMI5,1,2,1,12,0,1,"14,64967532","0,06826089847",1,1,"0,06826089847","-3,872796786","-3,872796786","-28,31220342","0,2931220342","0,29"
,,"A retomada é, por sua natureza, um direito que o locador opõe ao direito de renovação exercido pelo locatário. Não é pura e simplesmente defesa; não consiste em negar os fundamentos jurídicos do pedido do autor, mas sim em pleitear direito próprio, que objetiva a extinção do direito à renovação e restituição do prédio",TE1,,,0,12,"0,02173913043","0,02173913043","14,67141446","0,001481733782",0,0,NA,,,,,
,,direito de renovação locador locatário,TE1,1,3,1,13,"0,08888888889","1,088888889","15,76030334","0,06909060474","0,95","0,95","0,07272695236","-3,781366069","-3,592297765","-31,90450119","0,3290450119","0,33"
,,,SMI8,,,0,13,"0,08888888889","0,08888888889","15,76030334","0,005640049366",0,0,NA,,,,,
,,,PT3,,,0,13,"0,08888888889","0,08888888889","15,76030334","0,005640049366",0,0,NA,,,,,
,,ação renovatória de locação de imóvel comercial defesa locador,TE1,,,0,13,"0,1818181818","0,1818181818","15,94212153","0,01140489247",0,0,NA,,,,,
,,,PT3,,,0,13,"0,1818181818","0,1818181818","15,94212153","0,01140489247",0,0,NA,,,,,
,,ação renovatória inércia locador,TE1,1,1,1,14,"0,3333333333","1,333333333","17,27545486","0,07718079461",1,1,"0,07718079461","-3,695614293","-3,695614293","-35,60011548","0,3660011548","0,37"
,,,SMI5,,,0,14,"0,3333333333","0,3333333333","17,27545486","0,01929519865",0,0,NA,,,,,
,,,SMI6,,,0,14,"0,3333333333","0,3333333333","17,27545486","0,01929519865",0,0,NA,,,,,
,,Exercício do direito de retomada locador sem pedido expresso,TE1,,,0,14,"0,08333333333","0,08333333333","17,35878819","0,004800642326",0,0,NA,,,,,
,,,E2,,,0,14,"0,08333333333","0,08333333333","17,35878819","0,004800642326",0,0,NA,,,,,
,,,E3,,,0,14,"0,08333333333","0,08333333333","17,35878819","0,004800642326",0,0,NA,,,,,
10_3,USER_10,Declaração especial de valor de bagagem,SMI3,1,7,1,1,0,1,1,1,"0,47","0,47","2,127659574","1,089267338","0,5119556489","0,5119556489","0,004880443511","0,00"
,,,SMI5,,,0,1,0,0,1,0,0,0,NA,,,,,
,,,SMI8,,,0,1,0,0,1,0,0,0,NA,,,,,
,,Convenção de Montreal,SMI2,,,0,1,"0,1428571429","0,1428571429","2,142857143","0,06666666667",0,0,NA,,,,,
,,,SMI5,1,1,1,2,"0,1428571429","1,142857143","2,142857143","0,5333333333",1,1,"0,5333333333","-0,9068905956","-0,9068905956","-0,3949349467","0,01394934947","0,01"
,,,SMI8,,,0,2,"0,1428571429","0,1428571429","2,142857143","0,06666666667",0,0,NA,,,,,
,,STJ atraso de voo internacional,SMI2,1,1,1,3,"0,1428571429","1,142857143","3,285714286","0,347826087",1,1,"0,347826087","-1,523561956","-1,523561956","-1,918496903","0,02918496903","0,03"
,,,SMI6,,,0,3,"0,1428571429","0,1428571429","3,285714286","0,04347826087",0,0,NA,,,,,
,,,E2,,,0,3,"0,1428571429","0,1428571429","3,285714286","0,04347826087",0,0,NA,,,,,
,,,SMI5,1,4,1,4,"0,1428571429","1,142857143","3,285714286","0,347826087","0,42","0,42","0,8281573499","-0,2720231891","-0,1142497394","-2,032746642","0,03032746642","0,03"
,,,C6,,,0,4,"0,1428571429","0,1428571429","3,285714286","0,04347826087",0,0,NA,,,,,
,,,SMI5,1,5,1,5,"0,1428571429","1,142857143","3,285714286","0,347826087",1,1,"0,347826087","-1,523561956","-1,523561956","-3,556308598","0,04556308598","0,05"
,,,C6,,,0,5,"0,1428571429","0,1428571429","3,285714286","0,04347826087",0,0,NA,,,,,
,,,SMI5,1,6,1,6,"0,1428571429","1,142857143","3,285714286","0,347826087",1,1,"0,347826087","-1,523561956","-1,523561956","-5,079870554","0,06079870554","0,06"
,,,PT3,,,0,6,"0,1428571429","0,1428571429","3,285714286","0,04347826087",0,0,NA,,,,,
,,,E2,,,0,6,"0,1428571429","0,1428571429","3,285714286","0,04347826087",0,0,NA,,,,,
,,,E3,,,0,6,"0,1428571429","0,1428571429","3,285714286","0,04347826087",0,0,NA,,,,,
11_1,USER_11,direito à posse,SMI2,,,0,0,0,0,0,NA,0,0,NA,,,,,
,,,SMI6,1,1,1,1,0,1,1,1,1,1,1,0,0,0,"0,01","0,01"
,,,SMI7,,,0,1,0,0,1,NA,0,0,NA,,,,,
,,,E3,,,0,1,0,0,1,NA,0,0,NA,,,,,
,,posse injusta,SMI2,,,0,1,"0,25","0,25","2,25",NA,0,0,NA,,,,,
,,,SMI5,,,0,1,"0,25","0,25","2,25",NA,0,0,NA,,,,,
,,,SMI6,1,2,1,2,"0,25","1,25","2,25","0,5555555556","0,98","0,98","0,566893424","-0,8188505609","-0,8024735497","-0,8024735497","0,0180247355","0,02"
,,,E3,,,0,2,"0,25","0,25","2,25",NA,0,0,NA,,,,,
,,,E4,,,0,2,"0,25","0,25","2,25",NA,0,0,NA,,,,,
,,jus possidendi e jus possessionis,SMI3,,,0,2,0,0,"3,25",NA,0,0,NA,,,,,
,,,SMI6,1,1,1,3,0,1,"3,25","0,3076923077",1,1,"0,3076923077","-1,700439718","-1,700439718","-2,502913268","0,03502913268","0,04"
,,,E3,,,,,0,0,"3,25",NA,0,0,NA,,,,,
,,,C6,,,,,0,0,"3,25",NA,0,0,NA,,,,,
,,,SMI6,1,3,1,4,0,1,"3,25","0,3076923077","0,62","0,62","0,4962779156","-1,010779839","-0,6266835","-3,129596768","0,04129596768","0,04"
,,,SMI7,,,,,0,0,"3,25",NA,0,0,NA,,,,,
,,,E4,,,,,0,0,"3,25",NA,0,0,NA,,,,,
11_2,USER_11,locação contas cobrança,PT1,,,0,0,0,0,0,NA,0,0,NA,,,,,
,,locação casa contas cobrança,PT1,,,0,0,"0,75","0,75","1,75",NA,0,0,NA,,,,,
,,,SMI6,1,1,1,1,"0,75","1,75","1,75",1,1,1,1,0,0,0,"0,01","0,01"
,,,SMI8,,,0,1,"0,75","0,75","1,75",NA,0,0,NA,,,,,
,,,C6,,,0,1,"0,75","0,75","1,75",NA,0,0,NA,,,,,
,,Pedido de retomada do imóvel,SMI2,1,6,1,2,0,1,"2,75","0,3636363636","0,54","0,54","0,6734006734","-0,570462931","-0,3080499828","-0,3080499828","0,01308049983","0,01"
,,,SMI6,,,0,2,0,0,"2,75",NA,0,0,NA,,,,,
11_3,USER_11,Dano moral extravio de bagagem,SMI2,,,0,0,0,0,1,NA,0,0,NA,,,,,
,,,SMI6,1,2,1,1,0,1,1,1,1,1,1,0,0,0,"0,01","0,01"
,,,E2,,,0,1,0,0,1,NA,0,0,NA,,,,,
,,,E3,,,0,1,0,0,1,NA,0,0,NA,,,,,
,,Dano moral cancelamento de voo,SMI2,,,0,1,"0,4285714286","0,4285714286","2,428571429",NA,0,0,NA,,,,,
,,,SMI6,1,1,1,2,"0,4285714286","1,428571429","2,428571429","0,5882352941",1,1,"0,5882352941","-0,7655347464","-0,7655347464","-0,7655347464","0,01765534746","0,02"
,,,E2,,,0,2,"0,4285714286","0,4285714286","2,428571429",NA,0,0,NA,,,,,
,,Responsabilidade civil das companhias aéreas internacionais,PT3,1,5,1,3,0,1,"3,428571429","0,2916666667","0,69","0,69","0,422705314","-1,242275846","-0,8571703335","-1,62270508","0,0262270508","0,03"
,,,E2,1,9,1,4,0,1,"3,428571429","0,2916666667","0,68","0,68","0,4289215686","-1,22121423","-0,8304256765","-2,453130756","0,03453130756","0,03"
,,,E3,,,0,4,0,0,"3,428571429",NA,0,0,NA,,,,,
12_1,USER_12,Possuidor segundo o Código Civil,SMI2,,,0,0,0,0,1,NA,0,0,NA,,,,,
,,,SMI6,1,1,1,1,0,1,1,1,1,1,1,0,0,0,"0,01","0,01"
,,,SMI8,,,0,1,0,0,1,NA,0,0,NA,,,,,
,,Definição de detenção,SMI2,,,0,1,0,0,1,NA,0,0,NA,,,,,
,,Definição de detenção possessória,PT1,,,0,1,"0,75","0,75","2,75",NA,0,0,NA,,,,,
,,,SMI6,1,4,1,2,"0,75","1,75","2,75","0,6363636364","0,82","0,82","0,7760532151","-0,3657725114","-0,2999334594","-0,2999334594","0,01299933459","0,01"
12_2,USER_12,contrato de locação anuencia conjugal,SMI2,,,0,0,0,0,0,NA,0,0,NA,,,,,
,,Vênia conjugal locação,SMI2,,,0,0,"0,3333333333","0,3333333333","1,333333333",NA,0,0,NA,,,,,
,,,SMI6,,,0,0,"0,3333333333","0,3333333333","1,333333333",NA,0,0,NA,,,,,
,,,PT3,1,1,1,1,"0,3333333333","1,333333333","1,333333333",1,1,1,1,0,0,0,"0,01","0,01"
,,,E3,,,0,1,"0,3333333333","0,3333333333","1,333333333",NA,0,0,NA,,,,,
,,Direito de retomada manifestação,SMI2,,,0,1,0,0,"2,333333333",NA,0,0,NA,,,,,
,,,SMI6,,,0,1,0,0,"2,333333333",NA,0,0,NA,,,,,
,,,PT3,1,1,1,2,0,1,"2,333333333","0,4285714286",1,1,"0,4285714286","-1,222392421","-1,222392421","-1,222392421","0,02222392421","0,02"
,,lei do inquilinato direito de preferência,SMI2,,,0,2,"0,1111111111","0,1111111111","3,444444444",NA,0,0,NA,,,,,
,,,SMI6,1,4,1,3,"0,1111111111","1,111111111","3,444444444","0,3225806452","0,82","0,82","0,3933910307","-1,34596403","-1,103690505","-2,326082926","0,03326082926","0,03"
,,,SMI7,,,0,3,"0,1111111111","0,1111111111","3,444444444",NA,0,0,NA,,,,,
,,,E4,,,0,3,"0,1111111111","0,1111111111","3,444444444",NA,0,0,NA,,,,,
12_3,USER_12,indenização danos morais,SMI3,1,1,1,1,0,1,1,1,1,1,1,0,0,0,"0,01","0,01"
,,,SMI6,,,0,1,0,0,1,NA,0,0,NA,,,,,
,,dano moral presumido perda de bagagem,PT1,1,3,1,2,0,1,2,"0,5","0,95","0,95","0,5263157895","-0,9259994186","-0,8796994476","-0,8796994476","0,01879699448","0,02"
,,,C6,,,0,2,0,0,2,NA,0,0,NA,,,,,
,,,SMI5,1,6,1,3,0,1,2,"0,5","0,63","0,63","0,7936507937","-0,3334237337","-0,2100569522","-1,0897564","0,020897564","0,02"
,,,SMI8,,,0,3,0,0,2,NA,0,0,NA,,,,,
,,,E4,,,0,3,0,0,2,NA,0,0,NA,,,,,